<?xml version="1.0" encoding="UTF-8"?>
<osm version="0.6" generator="openstreetmap-cgimap 2.1.0 (2942776 spike-08.openstreetmap.org)" copyright="OpenStreetMap and contributors" attribution="http://www.openstreetmap.org/copyright" license="http://opendatacommons.org/licenses/odbl/1-0/">
 <node id="31147572" visible="true" version="19" changeset="188794700" timestamp="2026-09-09T21:49:19Z" user="SpaceTracer" uid="9368502" lat="27.7005228" lon="85.3538061">
  <tag k="bus" v="yes"/>
  <tag k="highway" v="bus_stop"/>
  <tag k="name" v="Airport Bus Station"/>
  <tag k="public_transport" v="platform"/>
 </node>
 <node id="31147644" visible="true" version="18" changeset="161598386" timestamp="2025-01-21T12:21:40Z" user="marek kleciak" uid="338611" lat="27.6992928" lon="85.3547493"/>
 <node id="31147649" visible="true" version="17" changeset="136855762" timestamp="2023-06-02T07:21:12Z" user="Heinz_V" uid="91490" lat="27.6980489" lon="85.3552252"/>
 <node id="31147650" visible="true" version="15" changeset="136855762" timestamp="2023-06-02T07:21:12Z" user="Heinz_V" uid="91490" lat="27.6973366" lon="85.3552310"/>
 <node id="31147687" visible="true" version="9" changeset="164325792" timestamp="2025-03-31T11:27:30Z" user="marek kleciak" uid="338611" lat="27.6924380" lon="85.3534939"/>
 <node id="31148043" visible="true" version="15" changeset="116236503" timestamp="2022-01-17T04:57:45Z" user="San_Sha" uid="14550687" lat="27.7076096" lon="85.3437482"/>
 <node id="31148051" visible="true" version="10" changeset="171344754" timestamp="2025-09-02T06:32:23Z" user="marek kleciak" uid="338611" lat="27.7060874" lon="85.3457409"/>
 <node id="31148056" visible="true" version="19" changeset="166851418" timestamp="2025-05-28T04:29:57Z" user="marek kleciak" uid="338611" lat="27.7059846" lon="85.3487290"/>
 <node id="31148061" visible="true" version="17" changeset="136855762" timestamp="2023-06-02T07:21:12Z" user="Heinz_V" uid="91490" lat="27.7061987" lon="85.3500792"/>
 <node id="31148062" visible="true" version="15" changeset="136855762" timestamp="2023-06-02T07:21:12Z" user="Heinz_V" uid="91490" lat="27.7060389" lon="85.3512320"/>
 <node id="31148063" visible="true" version="15" changeset="136855762" timestamp="2023-06-02T07:21:12Z" user="Heinz_V" uid="91490" lat="27.7058507" lon="85.3514793"/>
 <node id="31148064" visible="true" version="15" changeset="136855762" timestamp="2023-06-02T07:21:12Z" user="Heinz_V" uid="91490" lat="27.7053918" lon="85.3518319"/>
 <node id="31148065" visible="true" version="15" changeset="136855762" timestamp="2023-06-02T07:21:12Z" user="Heinz_V" uid="91490" lat="27.7048591" lon="85.3519478"/>
 <node id="31148072" visible="true" version="15" changeset="166851418" timestamp="2025-05-28T04:29:57Z" user="marek kleciak" uid="338611" lat="27.7024748" lon="85.3523094"/>
 <node id="31150664" visible="true" version="20" changeset="58691059" timestamp="2018-05-04T20:41:40Z" user="Evandering" uid="6172527" lat="27.6952512" lon="85.3550703">
  <tag k="name" v="Sinamangal/Ring Road Stop सिनामंगल"/>
  <tag k="name:en" v="Sinamangal/Ring Road Stop"/>
  <tag k="name:ne" v="सिनामंगल"/>
  <tag k="public_transport" v="stop_position"/>
 </node>
 <node id="31151483" visible="true" version="22" changeset="168780552" timestamp="2025-07-11T07:17:31Z" user="Ibliss" uid="21633630" lat="27.7166853" lon="85.3464267">
  <tag k="bus" v="yes"/>
  <tag k="name" v="Chabahil"/>
  <tag k="name:ne" v="चाबाहील"/>
  <tag k="public_transport" v="stop_position"/>
 </node>
 <node id="31151494" visible="true" version="12" changeset="168909739" timestamp="2025-07-14T10:38:00Z" user="marek kleciak" uid="338611" lat="27.7135027" lon="85.3455080"/>
 <node id="31151495" visible="true" version="9" changeset="167732928" timestamp="2025-06-17T11:03:46Z" user="marek kleciak" uid="338611" lat="27.7106339" lon="85.3442991"/>
 <node id="31151514" visible="true" version="18" changeset="123940530" timestamp="2022-07-22T13:41:30Z" user="AssiniboineRiver" uid="15526701" lat="27.7170084" lon="85.3465029"/>
 <node id="31151559" visible="true" version="14" changeset="123940530" timestamp="2022-07-22T13:41:30Z" user="AssiniboineRiver" uid="15526701" lat="27.7173306" lon="85.3467069"/>
 <node id="31151653" visible="true" version="7" changeset="129552929" timestamp="2022-11-30T09:28:22Z" user="Tahshee" uid="15395383" lat="27.7170242" lon="85.3466601"/>
 <node id="31151654" visible="true" version="7" changeset="123940530" timestamp="2022-07-22T13:41:30Z" user="AssiniboineRiver" uid="15526701" lat="27.7169346" lon="85.3466133"/>
 <node id="31152064" visible="true" version="5" changeset="130021455" timestamp="2022-12-13T05:54:07Z" user="OlushandjaDam" uid="16528266" lat="27.7353978" lon="85.3062147"/>
 <node id="31152065" visible="true" version="9" changeset="136536404" timestamp="2023-05-25T10:02:57Z" user="marek kleciak" uid="338611" lat="27.7354052" lon="85.3064531"/>
 <node id="31152070" visible="true" version="9" changeset="130021455" timestamp="2022-12-13T05:54:07Z" user="OlushandjaDam" uid="16528266" lat="27.7348517" lon="85.3100033"/>
 <node id="31152072" visible="true" version="10" changeset="136855762" timestamp="2023-06-02T07:21:12Z" user="Heinz_V" uid="91490" lat="27.7347752" lon="85.3110888"/>
 <node id="31152082" visible="true" version="11" changeset="167764117" timestamp="2025-06-18T04:56:06Z" user="marek kleciak" uid="338611" lat="27.7351683" lon="85.3189729"/>
 <node id="31152084" visible="true" version="9" changeset="167764117" timestamp="2025-06-18T04:56:06Z" user="marek kleciak" uid="338611" lat="27.7353679" lon="85.3201271"/>
 <node id="31152086" visible="true" version="10" changeset="167764117" timestamp="2025-06-18T04:56:06Z" user="marek kleciak" uid="338611" lat="27.7356015" lon="85.3208687">
  <tag k="name" v="Samakhusi Stop"/>
  <tag k="public_transport" v="stop_position"/>
 </node>
 <node id="31152087" visible="true" version="10" changeset="167764117" timestamp="2025-06-18T04:56:06Z" user="marek kleciak" uid="338611" lat="27.7357991" lon="85.3213334"/>
 <node id="31152095" visible="true" version="8" changeset="26234202" timestamp="2014-10-21T12:57:09Z" user="marek kleciak" uid="338611" lat="27.7419499" lon="85.3315210"/>
 <node id="31152096" visible="true" version="8" changeset="136855762" timestamp="2023-06-02T07:21:12Z" user="Heinz_V" uid="91490" lat="27.7420691" lon="85.3318866"/>
 <node id="31152098" visible="true" version="9" changeset="167730410" timestamp="2025-06-17T09:56:47Z" user="marek kleciak" uid="338611" lat="27.7421378" lon="85.3322731"/>
 <node id="31152100" visible="true" version="9" changeset="167730410" timestamp="2025-06-17T09:56:47Z" user="marek kleciak" uid="338611" lat="27.7420386" lon="85.3331724"/>
 <node id="31152101" visible="true" version="9" changeset="167730410" timestamp="2025-06-17T09:56:47Z" user="marek kleciak" uid="338611" lat="27.7419528" lon="85.3333938"/>
 <node id="31152112" visible="true" version="14" changeset="167730410" timestamp="2025-06-17T09:56:47Z" user="marek kleciak" uid="338611" lat="27.7388918" lon="85.3392313"/>
 <node id="31152113" visible="true" version="14" changeset="167730410" timestamp="2025-06-17T09:56:47Z" user="marek kleciak" uid="338611" lat="27.7386236" lon="85.3396209"/>
 <node id="31152116" visible="true" version="18" changeset="167730410" timestamp="2025-06-17T09:56:47Z" user="marek kleciak" uid="338611" lat="27.7377758" lon="85.3404714"/>
 <node id="31152117" visible="true" version="17" changeset="167730410" timestamp="2025-06-17T09:56:47Z" user="marek kleciak" uid="338611" lat="27.7373205" lon="85.3407890"/>
 <node id="31152130" visible="true" version="16" changeset="167726927" timestamp="2025-06-17T08:23:49Z" user="marek kleciak" uid="338611" lat="27.7293594" lon="85.3458001"/>
 <node id="31152131" visible="true" version="16" changeset="167726927" timestamp="2025-06-17T08:23:49Z" user="marek kleciak" uid="338611" lat="27.7291798" lon="85.3458603"/>
 <node id="31152133" visible="true" version="13" changeset="136855762" timestamp="2023-06-02T07:21:12Z" user="Heinz_V" uid="91490" lat="27.7284179" lon="85.3458809"/>
 <node id="31152139" visible="true" version="11" changeset="136855762" timestamp="2023-06-02T07:21:12Z" user="Heinz_V" uid="91490" lat="27.7252330" lon="85.3448711"/>
 <node id="31152142" visible="true" version="11" changeset="136855762" timestamp="2023-06-02T07:21:12Z" user="Heinz_V" uid="91490" lat="27.7243487" lon="85.3447726"/>
 <node id="31152143" visible="true" version="11" changeset="136855762" timestamp="2023-06-02T07:21:12Z" user="Heinz_V" uid="91490" lat="27.7240470" lon="85.3448141"/>
 <node id="31230922" visible="true" version="12" changeset="168780552" timestamp="2025-07-11T07:17:31Z" user="Ibliss" uid="21633630" lat="27.6873064" lon="85.3505222">
  <tag k="bus" v="yes"/>
  <tag k="name" v="Gairigaun Stop"/>
  <tag k="public_transport" v="stop_position"/>
 </node>
 <node id="31303549" visible="true" version="9" changeset="130021455" timestamp="2022-12-13T05:54:07Z" user="OlushandjaDam" uid="16528266" lat="27.7352708" lon="85.3058928"/>
 <node id="31303568" visible="true" version="14" changeset="173702902" timestamp="2025-10-24T07:02:03Z" user="Metauro" uid="20432920" lat="27.7271602" lon="85.3046115">
  <tag k="name" v="Balaju"/>
  <tag k="public_transport" v="stop_position"/>
 </node>
 <node id="31303847" visible="true" version="12" changeset="164363483" timestamp="2025-04-01T08:40:34Z" user="marek kleciak" uid="338611" lat="27.7262633" lon="85.3033367"/>
 <node id="31303848" visible="true" version="9" changeset="167037714" timestamp="2025-06-01T07:26:15Z" user="Calypso Frelimo" uid="20248037" lat="27.7258658" lon="85.3021394">
  <tag k="crossing:signals" v="no"/>
  <tag k="highway" v="crossing"/>
 </node>
 <node id="31303870" visible="true" version="9" changeset="136499855" timestamp="2023-05-24T13:03:57Z" user="marek kleciak" uid="338611" lat="27.7184463" lon="85.2844693"/>
 <node id="31304217" visible="true" version="10" changeset="167813470" timestamp="2025-06-19T08:15:50Z" user="marek kleciak" uid="338611" lat="27.6744051" lon="85.3431943"/>
 <node id="31304219" visible="true" version="10" changeset="167813470" timestamp="2025-06-19T08:15:50Z" user="marek kleciak" uid="338611" lat="27.6752838" lon="85.3441777"/>
 <node id="31304220" visible="true" version="11" changeset="167813470" timestamp="2025-06-19T08:15:50Z" user="marek kleciak" uid="338611" lat="27.6755847" lon="85.3446061"/>
 <node id="31304222" visible="true" version="10" changeset="167813470" timestamp="2025-06-19T08:15:50Z" user="marek kleciak" uid="338611" lat="27.6771376" lon="85.3469765"/>
 <node id="36462716" visible="true" version="10" changeset="136480295" timestamp="2023-05-24T05:13:24Z" user="marek kleciak" uid="338611" lat="27.6888674" lon="85.2845100"/>
 <node id="36462717" visible="true" version="10" changeset="136480295" timestamp="2023-05-24T05:13:24Z" user="marek kleciak" uid="338611" lat="27.6887652" lon="85.2846513"/>
 <node id="36462723" visible="true" version="10" changeset="136480295" timestamp="2023-05-24T05:13:24Z" user="marek kleciak" uid="338611" lat="27.6876978" lon="85.2900939"/>
 <node id="36462724" visible="true" version="7" changeset="136480295" timestamp="2023-05-24T05:13:24Z" user="marek kleciak" uid="338611" lat="27.6874197" lon="85.2906695"/>
 <node id="253302555" visible="true" version="17" changeset="136480295" timestamp="2023-05-24T05:13:24Z" user="marek kleciak" uid="338611" lat="27.6848568" lon="85.2972927"/>
 <node id="268308347" visible="true" version="10" changeset="136407490" timestamp="2023-05-22T10:57:14Z" user="marek kleciak" uid="338611" lat="27.6826302" lon="85.3494490"/>
 <node id="296344440" visible="true" version="10" changeset="167809003" timestamp="2025-06-19T06:02:17Z" user="marek kleciak" uid="338611" lat="27.7160170" lon="85.2835417">
  <tag k="bus" v="yes"/>
  <tag k="highway" v="bus_stop"/>
  <tag k="name" v="Swayambu stop"/>
  <tag k="public_transport" v="platform"/>
 </node>
 <node id="316974278" visible="true" version="13" changeset="167732928" timestamp="2025-06-17T11:03:46Z" user="marek kleciak" uid="338611" lat="27.7099004" lon="85.3440737"/>
 <node id="360464968" visible="true" version="12" changeset="136480295" timestamp="2023-05-24T05:13:24Z" user="marek kleciak" uid="338611" lat="27.6854020" lon="85.2935413"/>
 <node id="360464982" visible="true" version="9" changeset="136480295" timestamp="2023-05-24T05:13:24Z" user="marek kleciak" uid="338611" lat="27.6885549" lon="85.2851143"/>
 <node id="360464983" visible="true" version="11" changeset="136480295" timestamp="2023-05-24T05:13:24Z" user="marek kleciak" uid="338611" lat="27.6892370" lon="85.2841203">
  <tag k="name" v="Khasibazaar"/>
  <tag k="public_transport" v="stop_position"/>
 </node>
 <node id="360695526" visible="true" version="14" changeset="166851418" timestamp="2025-05-28T04:29:57Z" user="marek kleciak" uid="338611" lat="27.7030185" lon="85.3520938"/>
 <node id="360695569" visible="true" version="8" changeset="116236503" timestamp="2022-01-17T04:57:45Z" user="San_Sha" uid="14550687" lat="27.7057645" lon="85.3467160"/>
 <node id="360818365" visible="true" version="8" changeset="171344754" timestamp="2025-09-02T06:32:23Z" user="marek kleciak" uid="338611" lat="27.7059446" lon="85.3460034"/>
 <node id="360823114" visible="true" version="7" changeset="136499855" timestamp="2023-05-24T13:03:57Z" user="marek kleciak" uid="338611" lat="27.7180901" lon="85.2839851"/>
 <node id="360826349" visible="true" version="11" changeset="136480295" timestamp="2023-05-24T05:13:24Z" user="marek kleciak" uid="338611" lat="27.6877878" lon="85.2898323"/>
 <node id="360826368" visible="true" version="10" changeset="136552664" timestamp="2023-05-25T17:04:57Z" user="marek kleciak" uid="338611" lat="27.6929666" lon="85.2817022"/>
 <node id="360826383" visible="true" version="9" changeset="162391501" timestamp="2025-02-11T13:31:03Z" user="FaroRiver" uid="20109078" lat="27.6989596" lon="85.2815134"/>
 <node id="480425408" visible="true" version="19" changeset="167730410" timestamp="2025-06-17T09:56:47Z" user="marek kleciak" uid="338611" lat="27.7349381" lon="85.3423145">
  <tag k="name" v="Chapal Karkhana stop"/>
  <tag k="public_transport" v="stop_position"/>
 </node>
 <node id="480429211" visible="true" version="20" changeset="136855762" timestamp="2023-06-02T07:21:12Z" user="Heinz_V" uid="91490" lat="27.7317060" lon="85.3443282">
  <tag k="name" v="Dhumbarahi"/>
  <tag k="public_transport" v="stop_position"/>
 </node>
 <node id="480429533" visible="true" version="10" changeset="136855762" timestamp="2023-06-02T07:21:12Z" user="Heinz_V" uid="91490" lat="27.7248772" lon="85.3448018"/>
 <node id="480431031" visible="true" version="17" changeset="167730410" timestamp="2025-06-17T09:56:47Z" user="marek kleciak" uid="338611" lat="27.7350644" lon="85.3422390"/>
 <node id="564118343" visible="true" version="23" changeset="136480295" timestamp="2023-05-24T05:13:24Z" user="marek kleciak" uid="338611" lat="27.6847728" lon="85.2980356"/>
 <node id="725880041" visible="true" version="14" changeset="136544013" timestamp="2023-05-25T13:19:37Z" user="marek kleciak" uid="338611" lat="27.7251839" lon="85.2992541"/>
 <node id="725880071" visible="true" version="13" changeset="136855762" timestamp="2023-06-02T07:21:12Z" user="Heinz_V" uid="91490" lat="27.7350732" lon="85.3176995"/>
 <node id="725880854" visible="true" version="12" changeset="167764117" timestamp="2025-06-18T04:56:06Z" user="marek kleciak" uid="338611" lat="27.7359743" lon="85.3216499"/>
 <node id="728152927" visible="true" version="8" changeset="136552261" timestamp="2023-05-25T16:53:42Z" user="marek kleciak" uid="338611" lat="27.7044231" lon="85.2821725"/>
 <node id="728167845" visible="true" version="18" changeset="136544013" timestamp="2023-05-25T13:19:37Z" user="marek kleciak" uid="338611" lat="27.7248138" lon="85.2976692">
  <tag k="name" v="Banasthali"/>
  <tag k="public_transport" v="stop_position"/>
 </node>
 <node id="764954196" visible="true" version="9" changeset="136480295" timestamp="2023-05-24T05:13:24Z" user="marek kleciak" uid="338611" lat="27.6855330" lon="85.2932703"/>
 <node id="849950758" visible="true" version="18" changeset="168909739" timestamp="2025-07-14T10:38:00Z" user="marek kleciak" uid="338611" lat="27.7148620" lon="85.3457683"/>
 <node id="849954109" visible="true" version="9" changeset="136855762" timestamp="2023-06-02T07:21:12Z" user="Heinz_V" uid="91490" lat="27.7071989" lon="85.3442788"/>
 <node id="945656945" visible="true" version="12" changeset="136480295" timestamp="2023-05-24T05:13:24Z" user="marek kleciak" uid="338611" lat="27.6848377" lon="85.2975033"/>
 <node id="977632825" visible="true" version="13" changeset="171964695" timestamp="2025-09-15T12:56:08Z" user="SobatRiver" uid="22220192" lat="27.6882688" lon="85.2868889"/>
 <node id="1123078970" visible="true" version="10" changeset="136480295" timestamp="2023-05-24T05:13:24Z" user="marek kleciak" uid="338611" lat="27.6852999" lon="85.2938211"/>
 <node id="1143813991" visible="true" version="7" changeset="77416552" timestamp="2019-11-22T09:20:58Z" user="Rabin Ojha" uid="6075053" lat="27.7274069" lon="85.3455990">
  <tag k="name" v="Sukedhara Stop"/>
  <tag k="public_transport" v="stop_position"/>
 </node>
 <node id="1241659776" visible="true" version="9" changeset="136552664" timestamp="2023-05-25T17:04:57Z" user="marek kleciak" uid="338611" lat="27.6926629" lon="85.2818125"/>
 <node id="1241659780" visible="true" version="8" changeset="136552664" timestamp="2023-05-25T17:04:57Z" user="marek kleciak" uid="338611" lat="27.6911900" lon="85.2827670"/>
 <node id="1273503591" visible="true" version="10" changeset="136855762" timestamp="2023-06-02T07:21:12Z" user="Heinz_V" uid="91490" lat="27.6985349" lon="85.3550978"/>
 <node id="1273503599" visible="true" version="10" changeset="58691059" timestamp="2018-05-04T20:41:40Z" user="Evandering" uid="6172527" lat="27.6954887" lon="85.3550460"/>
 <node id="1273515693" visible="true" version="7" changeset="136407490" timestamp="2023-05-22T10:57:14Z" user="marek kleciak" uid="338611" lat="27.6834077" lon="85.3494089"/>
 <node id="1273515715" visible="true" version="10" changeset="164325792" timestamp="2025-03-31T11:27:30Z" user="marek kleciak" uid="338611" lat="27.6887334" lon="85.3513712"/>
 <node id="1273515748" visible="true" version="8" changeset="66975891" timestamp="2019-02-06T20:43:23Z" user="EarthAngel" uid="9050985" lat="27.6950310" lon="85.3549272"/>
 <node id="1273515754" visible="true" version="10" changeset="164325792" timestamp="2025-03-31T11:27:30Z" user="marek kleciak" uid="338611" lat="27.6906714" lon="85.3525008"/>
 <node id="1274031241" visible="true" version="7" changeset="171344754" timestamp="2025-09-02T06:32:23Z" user="marek kleciak" uid="338611" lat="27.7058865" lon="85.3461330"/>
 <node id="1274031244" visible="true" version="7" changeset="136455502" timestamp="2023-05-23T12:55:23Z" user="marek kleciak" uid="338611" lat="27.7057800" lon="85.3465538"/>
 <node id="1274031474" visible="true" version="6" changeset="66975891" timestamp="2019-02-06T20:43:23Z" user="EarthAngel" uid="9050985" lat="27.7057594" lon="85.3469027"/>
 <node id="1274031906" visible="true" version="12" changeset="163808212" timestamp="2025-03-19T09:29:39Z" user="marek kleciak" uid="338611" lat="27.7104258" lon="85.3441997"/>
 <node id="1274038035" visible="true" version="7" changeset="164751318" timestamp="2025-04-10T05:38:40Z" user="marek kleciak" uid="338611" lat="27.7094195" lon="85.3439639"/>
 <node id="1274038039" visible="true" version="10" changeset="167732928" timestamp="2025-06-17T11:03:46Z" user="marek kleciak" uid="338611" lat="27.7089976" lon="85.3438505"/>
 <node id="1274038041" visible="true" version="9" changeset="167732928" timestamp="2025-06-17T11:03:46Z" user="marek kleciak" uid="338611" lat="27.7086167" lon="85.3436763"/>
 <node id="1275597025" visible="true" version="11" changeset="164751191" timestamp="2025-04-10T05:32:54Z" user="marek kleciak" uid="338611" lat="27.7160314" lon="85.3461889"/>
 <node id="1275597057" visible="true" version="8" changeset="164751191" timestamp="2025-04-10T05:32:54Z" user="marek kleciak" uid="338611" lat="27.7156423" lon="85.3460534"/>
 <node id="1278006056" visible="true" version="10" changeset="137772753" timestamp="2023-06-26T04:19:52Z" user="Bharat Pokharel" uid="19194476" lat="27.7348986" lon="85.3137884"/>
 <node id="1278006200" visible="true" version="11" changeset="136855762" timestamp="2023-06-02T07:21:12Z" user="Heinz_V" uid="91490" lat="27.7347829" lon="85.3108771"/>
 <node id="1278006365" visible="true" version="12" changeset="136855762" timestamp="2023-06-02T07:21:12Z" user="Heinz_V" uid="91490" lat="27.7349302" lon="85.3144905">
  <tag k="name" v="Gongabu Chok"/>
  <tag k="public_transport" v="stop_position"/>
 </node>
 <node id="1278020563" visible="true" version="11" changeset="152189527" timestamp="2024-06-03T08:34:36Z" user="marek kleciak" uid="338611" lat="27.7350900" lon="85.3180817"/>
 <node id="1278025248" visible="true" version="7" changeset="170735572" timestamp="2025-08-20T16:10:12Z" user="HurdenShipCanal" uid="21470692" lat="27.7383691" lon="85.3256265"/>
 <node id="1278025298" visible="true" version="6" changeset="170735572" timestamp="2025-08-20T16:10:12Z" user="HurdenShipCanal" uid="21470692" lat="27.7380304" lon="85.3250673"/>
 <node id="1278025382" visible="true" version="4" changeset="66979826" timestamp="2019-02-07T00:14:33Z" user="EarthAngel" uid="9050985" lat="27.7416005" lon="85.3309173"/>
 <node id="1278025452" visible="true" version="8" changeset="170735572" timestamp="2025-08-20T16:10:12Z" user="HurdenShipCanal" uid="21470692" lat="27.7421569" lon="85.3325556"/>
 <node id="1278025470" visible="true" version="8" changeset="167764937" timestamp="2025-06-18T05:34:45Z" user="marek kleciak" uid="338611" lat="27.7406148" lon="85.3293125">
  <tag k="name" v="Basundhara"/>
  <tag k="public_transport" v="stop_position"/>
 </node>
 <node id="1278025474" visible="true" version="7" changeset="167764117" timestamp="2025-06-18T04:56:06Z" user="marek kleciak" uid="338611" lat="27.7362104" lon="85.3220413"/>
 <node id="1280126224" visible="true" version="13" changeset="136855762" timestamp="2023-06-02T07:21:12Z" user="Heinz_V" uid="91490" lat="27.7060924" lon="85.3493909"/>
 <node id="1280126239" visible="true" version="10" changeset="158454881" timestamp="2024-10-28T12:58:04Z" user="Suraj Thapa" uid="11593794" lat="27.7058959" lon="85.3481248"/>
 <node id="1280126250" visible="true" version="5" changeset="136855762" timestamp="2023-06-02T07:21:12Z" user="Heinz_V" uid="91490" lat="27.7057634" lon="85.3471730">
  <tag k="name:en" v="PashupatiTemple Area main entrance पसुपतिनाथ प्रवेश द्वार"/>
  <tag k="tourism" v="information"/>
 </node>
 <node id="1280126353" visible="true" version="10" changeset="188794700" timestamp="2026-09-09T21:49:19Z" user="SpaceTracer" uid="9368502" lat="27.7017851" lon="85.3528043"/>
 <node id="1280128354" visible="true" version="10" changeset="167813470" timestamp="2025-06-19T08:15:50Z" user="marek kleciak" uid="338611" lat="27.6736317" lon="85.3424478">
  <tag k="name" v="Balkumari Stop"/>
  <tag k="public_transport" v="stop_position"/>
 </node>
 <node id="1281196435" visible="true" version="5" changeset="64808459" timestamp="2018-11-23T08:17:44Z" user="Tejendra kandel" uid="8390936" lat="27.7065173" lon="85.3451810"/>
 <node id="1317078042" visible="true" version="13" changeset="167815238" timestamp="2025-06-19T08:58:10Z" user="marek kleciak" uid="338611" lat="27.6737776" lon="85.3425924">
  <tag k="highway" v="crossing"/>
 </node>
 <node id="1395061448" visible="true" version="7" changeset="136855762" timestamp="2023-06-02T07:21:12Z" user="Heinz_V" uid="91490" lat="27.7058538" lon="85.3478595"/>
 <node id="1395061503" visible="true" version="14" changeset="100615212" timestamp="2021-03-08T07:42:23Z" user="prajwalS" uid="10861750" lat="27.7119696" lon="85.3449555">
  <tag k="public_transport" v="stop_position"/>
 </node>
 <node id="1489297676" visible="true" version="5" changeset="136443145" timestamp="2023-05-23T07:52:58Z" user="marek kleciak" uid="338611" lat="27.6719162" lon="85.3407781"/>
 <node id="1489297677" visible="true" version="6" changeset="136437352" timestamp="2023-05-23T04:31:42Z" user="marek kleciak" uid="338611" lat="27.6717123" lon="85.3405732"/>
 <node id="1489297683" visible="true" version="6" changeset="136443145" timestamp="2023-05-23T07:52:58Z" user="marek kleciak" uid="338611" lat="27.6726465" lon="85.3414907"/>
 <node id="1489359145" visible="true" version="7" changeset="136443413" timestamp="2023-05-23T07:59:51Z" user="marek kleciak" uid="338611" lat="27.6661162" lon="85.3317720"/>
 <node id="1496573277" visible="true" version="6" changeset="136533463" timestamp="2023-05-25T08:58:36Z" user="marek kleciak" uid="338611" lat="27.6667267" lon="85.3082681"/>
 <node id="1496573296" visible="true" version="11" changeset="136532492" timestamp="2023-05-25T08:38:13Z" user="marek kleciak" uid="338611" lat="27.6666576" lon="85.3082083"/>
 <node id="1496605712" visible="true" version="9" changeset="136533796" timestamp="2023-05-25T09:05:51Z" user="marek kleciak" uid="338611" lat="27.6717154" lon="85.3040036"/>
 <node id="1496605759" visible="true" version="11" changeset="136534090" timestamp="2023-05-25T09:12:22Z" user="marek kleciak" uid="338611" lat="27.6744791" lon="85.3021324">
  <tag k="name" v="Sanepa Height"/>
  <tag k="public_transport" v="stop_position"/>
 </node>
 <node id="1496663156" visible="true" version="11" changeset="176910042" timestamp="2026-01-06T16:11:48Z" user="UbangiRiver" uid="22557350" lat="27.7250827" lon="85.2988278"/>
 <node id="1497194463" visible="true" version="10" changeset="136855762" timestamp="2023-06-02T07:21:12Z" user="Heinz_V" uid="91490" lat="27.7074532" lon="85.2824928">
  <tag k="highway" v="bus_stop"/>
  <tag k="name" v="Sitapaila Stop"/>
  <tag k="public_transport" v="stop_position"/>
 </node>
 <node id="1497194467" visible="true" version="7" changeset="136544013" timestamp="2023-05-25T13:19:37Z" user="marek kleciak" uid="338611" lat="27.7248456" lon="85.2978068">
  <tag k="highway" v="bus_stop"/>
 </node>
 <node id="1497531299" visible="true" version="11" changeset="136533796" timestamp="2023-05-25T09:05:51Z" user="marek kleciak" uid="338611" lat="27.6688220" lon="85.3062795">
  <tag k="name" v="nakhu Stop"/>
  <tag k="public_transport" v="stop_position"/>
 </node>
 <node id="1498830741" visible="true" version="8" changeset="136437352" timestamp="2023-05-23T04:31:42Z" user="marek kleciak" uid="338611" lat="27.6715176" lon="85.3403481">
  <tag k="junction" v="yes"/>
  <tag k="name" v="Balkumari Chok"/>
 </node>
 <node id="1498888720" visible="true" version="15" changeset="167808637" timestamp="2025-06-19T05:47:43Z" user="marek kleciak" uid="338611" lat="27.7076696" lon="85.2825253">
  <tag k="junction" v="yes"/>
  <tag k="name" v="Sitapaila Chowk"/>
 </node>
 <node id="1523319418" visible="true" version="10" changeset="136855762" timestamp="2023-06-02T07:21:12Z" user="Heinz_V" uid="91490" lat="27.7226537" lon="85.3453056">
  <tag k="name" v="Gopi Krishna Stop"/>
  <tag k="public_transport" v="stop_position"/>
 </node>
 <node id="1523344498" visible="true" version="5" changeset="151986451" timestamp="2024-05-29T12:17:57Z" user="marek kleciak" uid="338611" lat="27.7421014" lon="85.3320162"/>
 <node id="1525726643" visible="true" version="9" changeset="164325792" timestamp="2025-03-31T11:27:30Z" user="marek kleciak" uid="338611" lat="27.6912796" lon="85.3528405"/>
 <node id="1659430258" visible="true" version="15" changeset="183569256" timestamp="2026-06-03T01:43:20Z" user="SurmaRiver" uid="23046137" lat="27.7233079" lon="85.2945445">
  <tag k="name" v="Dhungedhara"/>
  <tag k="public_transport" v="stop_position"/>
 </node>
 <node id="1667090463" visible="true" version="16" changeset="138217554" timestamp="2023-07-07T07:56:15Z" user="Manoj Thapa" uid="781054" lat="27.6587503" lon="85.3247008">
  <tag k="junction" v="yes"/>
  <tag k="name" v="Satdobato"/>
  <tag k="name:en" v="Satdobato Chowk सात दोबाटो चोक ८६६७"/>
  <tag k="operator" v="नेपाल सरकार सडक विभाग।"/>
  <tag k="public_transport" v="stop_position"/>
 </node>
 <node id="1751049603" visible="true" version="7" changeset="136535654" timestamp="2023-05-25T09:45:24Z" user="marek kleciak" uid="338611" lat="27.6762664" lon="85.3020222"/>
 <node id="1751049605" visible="true" version="7" changeset="136535654" timestamp="2023-05-25T09:45:24Z" user="marek kleciak" uid="338611" lat="27.6786174" lon="85.3022009"/>
 <node id="1751049606" visible="true" version="9" changeset="136535654" timestamp="2023-05-25T09:45:24Z" user="marek kleciak" uid="338611" lat="27.6784327" lon="85.3021147"/>
 <node id="1751051003" visible="true" version="12" changeset="136535654" timestamp="2023-05-25T09:45:24Z" user="marek kleciak" uid="338611" lat="27.6746510" lon="85.3020864"/>
 <node id="1751065489" visible="true" version="12" changeset="136535654" timestamp="2023-05-25T09:45:24Z" user="marek kleciak" uid="338611" lat="27.6844088" lon="85.3011204"/>
 <node id="1751071773" visible="true" version="11" changeset="136535654" timestamp="2023-05-25T09:45:24Z" user="marek kleciak" uid="338611" lat="27.6844191" lon="85.3010264"/>
 <node id="1782272973" visible="true" version="12" changeset="138217554" timestamp="2023-07-07T07:56:15Z" user="Manoj Thapa" uid="781054" lat="27.6578980" lon="85.3224925">
  <tag k="junction" v="yes"/>
  <tag k="name" v="Chapagaun dobato Chowk"/>
 </node>
 <node id="1832349894" visible="true" version="8" changeset="167809003" timestamp="2025-06-19T06:02:17Z" user="marek kleciak" uid="338611" lat="27.7163584" lon="85.2835844"/>
 <node id="1832396840" visible="true" version="5" changeset="136551943" timestamp="2023-05-25T16:44:55Z" user="marek kleciak" uid="338611" lat="27.7195656" lon="85.2867776">
  <tag k="highway" v="crossing"/>
 </node>
 <node id="1832396878" visible="true" version="8" changeset="136544013" timestamp="2023-05-25T13:19:37Z" user="marek kleciak" uid="338611" lat="27.7208377" lon="85.2894131"/>
 <node id="1832396899" visible="true" version="10" changeset="136954179" timestamp="2023-06-05T04:32:38Z" user="Bharat Pokharel" uid="19194476" lat="27.7214667" lon="85.2907336"/>
 <node id="1832429701" visible="true" version="7" changeset="72957157" timestamp="2019-08-02T21:20:54Z" user="Morvareed" uid="6431767" lat="27.7196267" lon="85.2868963"/>
 <node id="1832429759" visible="true" version="10" changeset="136479363" timestamp="2023-05-24T04:17:16Z" user="mandira bomjan" uid="19205506" lat="27.7204524" lon="85.2885972"/>
 <node id="1832429767" visible="true" version="7" changeset="136544013" timestamp="2023-05-25T13:19:37Z" user="marek kleciak" uid="338611" lat="27.7207127" lon="85.2891576"/>
 <node id="1832429817" visible="true" version="8" changeset="136544013" timestamp="2023-05-25T13:19:37Z" user="marek kleciak" uid="338611" lat="27.7210711" lon="85.2898821"/>
 <node id="1832500188" visible="true" version="7" changeset="136480295" timestamp="2023-05-24T05:13:24Z" user="marek kleciak" uid="338611" lat="27.6852335" lon="85.2941234"/>
 <node id="1832594244" visible="true" version="7" changeset="136552664" timestamp="2023-05-25T17:04:57Z" user="marek kleciak" uid="338611" lat="27.6928635" lon="85.2817363"/>
 <node id="1832603431" visible="true" version="5" changeset="136533463" timestamp="2023-05-25T08:58:36Z" user="marek kleciak" uid="338611" lat="27.6652574" lon="85.3131849"/>
 <node id="1832985899" visible="true" version="8" changeset="168780552" timestamp="2025-07-11T07:17:31Z" user="Ibliss" uid="21633630" lat="27.7080382" lon="85.3434360">
  <tag k="bus" v="yes"/>
  <tag k="name" v="Gaushala Chok Stop"/>
  <tag k="public_transport" v="stop_position"/>
 </node>
 <node id="1835392122" visible="true" version="5" changeset="66975891" timestamp="2019-02-06T20:43:23Z" user="EarthAngel" uid="9050985" lat="27.6942675" lon="85.3545268"/>
 <node id="1835392140" visible="true" version="6" changeset="136855762" timestamp="2023-06-02T07:21:12Z" user="Heinz_V" uid="91490" lat="27.6963827" lon="85.3551231"/>
 <node id="1835392258" visible="true" version="9" changeset="188794700" timestamp="2026-09-09T21:49:19Z" user="SpaceTracer" uid="9368502" lat="27.6996448" lon="85.3544929"/>
 <node id="1835421180" visible="true" version="12" changeset="167732928" timestamp="2025-06-17T11:03:46Z" user="marek kleciak" uid="338611" lat="27.7183136" lon="85.3469214"/>
 <node id="1835463224" visible="true" version="10" changeset="167730410" timestamp="2025-06-17T09:56:47Z" user="marek kleciak" uid="338611" lat="27.7393409" lon="85.3384205"/>
 <node id="1835496063" visible="true" version="6" changeset="167764117" timestamp="2025-06-18T04:56:06Z" user="marek kleciak" uid="338611" lat="27.7352208" lon="85.3193972"/>
 <node id="1835496146" visible="true" version="5" changeset="167765371" timestamp="2025-06-18T05:52:51Z" user="marek kleciak" uid="338611" lat="27.7420563" lon="85.3331230"/>
 <node id="1871829961" visible="true" version="6" changeset="136535654" timestamp="2023-05-25T09:45:24Z" user="marek kleciak" uid="338611" lat="27.6733010" lon="85.3028705"/>
 <node id="1872251755" visible="true" version="9" changeset="77416552" timestamp="2019-11-22T09:20:58Z" user="Rabin Ojha" uid="6075053" lat="27.7281887" lon="85.3458323"/>
 <node id="1874101867" visible="true" version="5" changeset="151980706" timestamp="2024-05-29T10:12:01Z" user="marek kleciak" uid="338611" lat="27.7381061" lon="85.3251905"/>
 <node id="1875745723" visible="true" version="7" changeset="136855762" timestamp="2023-06-02T07:21:12Z" user="Heinz_V" uid="91490" lat="27.7349404" lon="85.3146154">
  <tag k="amenity" v="parking"/>
  <tag k="highway" v="bus_stop"/>
  <tag k="name" v="Gongabu Chowk"/>
 </node>
 <node id="1887606936" visible="true" version="7" changeset="66979826" timestamp="2019-02-07T00:14:33Z" user="EarthAngel" uid="9050985" lat="27.7210319" lon="85.3459236"/>
 <node id="1894972632" visible="true" version="5" changeset="167732928" timestamp="2025-06-17T11:03:46Z" user="marek kleciak" uid="338611" lat="27.7117518" lon="85.3448608"/>
 <node id="1895843411" visible="true" version="5" changeset="167730410" timestamp="2025-06-17T09:56:47Z" user="marek kleciak" uid="338611" lat="27.7405560" lon="85.3360473"/>
 <node id="1896040461" visible="true" version="7" changeset="136855762" timestamp="2023-06-02T07:21:12Z" user="Heinz_V" uid="91490" lat="27.7218180" lon="85.3456208"/>
 <node id="1899616705" visible="true" version="4" changeset="59312500" timestamp="2018-05-27T12:24:48Z" user="amritkarma" uid="680067" lat="27.6816626" lon="85.3494550"/>
 <node id="1905155640" visible="true" version="9" changeset="167730410" timestamp="2025-06-17T09:56:47Z" user="marek kleciak" uid="338611" lat="27.7384744" lon="85.3398037"/>
 <node id="1905155727" visible="true" version="8" changeset="167730410" timestamp="2025-06-17T09:56:47Z" user="marek kleciak" uid="338611" lat="27.7392616" lon="85.3385596"/>
 <node id="1905155846" visible="true" version="6" changeset="167730410" timestamp="2025-06-17T09:56:47Z" user="marek kleciak" uid="338611" lat="27.7402928" lon="85.3365893"/>
 <node id="1905826405" visible="true" version="10" changeset="136535654" timestamp="2023-05-25T09:45:24Z" user="marek kleciak" uid="338611" lat="27.6846827" lon="85.2988406"/>
 <node id="1909209730" visible="true" version="4" changeset="64399790" timestamp="2018-11-12T10:19:46Z" user="nabin10" uid="8390919" lat="27.6804688" lon="85.3494947"/>
 <node id="1914165627" visible="true" version="5" changeset="177419624" timestamp="2026-01-19T10:50:53Z" user="marek kleciak" uid="338611" lat="27.6962746" lon="85.3551073"/>
 <node id="1919949854" visible="true" version="10" changeset="167732928" timestamp="2025-06-17T11:03:46Z" user="marek kleciak" uid="338611" lat="27.7101193" lon="85.3441101"/>
 <node id="1920098168" visible="true" version="7" changeset="168909739" timestamp="2025-07-14T10:38:00Z" user="marek kleciak" uid="338611" lat="27.7148331" lon="85.3457598"/>
 <node id="1920130571" visible="true" version="12" changeset="167732928" timestamp="2025-06-17T11:03:46Z" user="marek kleciak" uid="338611" lat="27.7198934" lon="85.3463496"/>
 <node id="1924770781" visible="true" version="8" changeset="167813470" timestamp="2025-06-19T08:15:50Z" user="marek kleciak" uid="338611" lat="27.6758348" lon="85.3449806"/>
 <node id="1924770794" visible="true" version="9" changeset="167813470" timestamp="2025-06-19T08:15:50Z" user="marek kleciak" uid="338611" lat="27.6763889" lon="85.3458279"/>
 <node id="1924771869" visible="true" version="9" changeset="136425085" timestamp="2023-05-22T17:58:02Z" user="marek kleciak" uid="338611" lat="27.6738601" lon="85.3426770"/>
 <node id="1926678600" visible="true" version="9" changeset="167813470" timestamp="2025-06-19T08:15:50Z" user="marek kleciak" uid="338611" lat="27.6741677" lon="85.3429700"/>
 <node id="1931790477" visible="true" version="7" changeset="157594255" timestamp="2024-10-07T18:22:33Z" user="VormaCanal" uid="18561486" lat="27.6893620" lon="85.2840234"/>
 <node id="1942462680" visible="true" version="10" changeset="167813470" timestamp="2025-06-19T08:15:50Z" user="marek kleciak" uid="338611" lat="27.6783339" lon="85.3488421"/>
 <node id="1945932987" visible="true" version="7" changeset="167726927" timestamp="2025-06-17T08:23:49Z" user="marek kleciak" uid="338611" lat="27.7310360" lon="85.3448049"/>
 <node id="1945932997" visible="true" version="8" changeset="167730410" timestamp="2025-06-17T09:56:47Z" user="marek kleciak" uid="338611" lat="27.7344850" lon="85.3426030"/>
 <node id="1945932998" visible="true" version="3" changeset="167730410" timestamp="2025-06-17T09:56:47Z" user="marek kleciak" uid="338611" lat="27.7361223" lon="85.3415569"/>
 <node id="1945933000" visible="true" version="5" changeset="167730410" timestamp="2025-06-17T09:56:47Z" user="marek kleciak" uid="338611" lat="27.7367344" lon="85.3411639"/>
 <node id="1945933008" visible="true" version="7" changeset="167730410" timestamp="2025-06-17T09:56:47Z" user="marek kleciak" uid="338611" lat="27.7389949" lon="85.3390313"/>
 <node id="1945933074" visible="true" version="8" changeset="167730410" timestamp="2025-06-17T09:56:47Z" user="marek kleciak" uid="338611" lat="27.7399982" lon="85.3371159"/>
 <node id="1952134548" visible="true" version="6" changeset="167491234" timestamp="2025-06-11T13:11:20Z" user="marek kleciak" uid="338611" lat="27.7225087" lon="85.2928437"/>
 <node id="1952189444" visible="true" version="11" changeset="167491234" timestamp="2025-06-11T13:11:20Z" user="marek kleciak" uid="338611" lat="27.7226991" lon="85.2932317"/>
 <node id="1952189457" visible="true" version="9" changeset="167491234" timestamp="2025-06-11T13:11:20Z" user="marek kleciak" uid="338611" lat="27.7229111" lon="85.2936800"/>
 <node id="1954472559" visible="true" version="4" changeset="136489605" timestamp="2023-05-24T09:18:52Z" user="mandira bomjan" uid="19205506" lat="27.6994157" lon="85.2815792"/>
 <node id="1954472560" visible="true" version="6" changeset="136489605" timestamp="2023-05-24T09:18:52Z" user="mandira bomjan" uid="19205506" lat="27.6996695" lon="85.2816047"/>
 <node id="1954481889" visible="true" version="7" changeset="136552261" timestamp="2023-05-25T16:53:42Z" user="marek kleciak" uid="338611" lat="27.7003815" lon="85.2816800"/>
 <node id="1954490337" visible="true" version="7" changeset="136480295" timestamp="2023-05-24T05:13:24Z" user="marek kleciak" uid="338611" lat="27.6884464" lon="85.2856279"/>
 <node id="1957364453" visible="true" version="6" changeset="167726927" timestamp="2025-06-17T08:23:49Z" user="marek kleciak" uid="338611" lat="27.7257317" lon="85.3450361"/>
 <node id="1957364482" visible="true" version="5" changeset="167726927" timestamp="2025-06-17T08:23:49Z" user="marek kleciak" uid="338611" lat="27.7264772" lon="85.3452800">
  <tag k="highway" v="crossing"/>
 </node>
 <node id="1960142038" visible="true" version="5" changeset="164325792" timestamp="2025-03-31T11:27:30Z" user="marek kleciak" uid="338611" lat="27.6928085" lon="85.3537024"/>
 <node id="1960744391" visible="true" version="4" changeset="136442449" timestamp="2023-05-23T07:32:05Z" user="marek kleciak" uid="338611" lat="27.6931475" lon="85.2816704"/>
 <node id="1960744487" visible="true" version="8" changeset="136552664" timestamp="2023-05-25T17:04:57Z" user="marek kleciak" uid="338611" lat="27.6969243" lon="85.2814201"/>
 <node id="1960744495" visible="true" version="9" changeset="136535654" timestamp="2023-05-25T09:45:24Z" user="marek kleciak" uid="338611" lat="27.6845270" lon="85.3001345"/>
 <node id="1960744506" visible="true" version="3" changeset="136480295" timestamp="2023-05-24T05:13:24Z" user="marek kleciak" uid="338611" lat="27.6858309" lon="85.2928966"/>
 <node id="1960753154" visible="true" version="6" changeset="136438063" timestamp="2023-05-23T05:13:56Z" user="marek kleciak" uid="338611" lat="27.6671487" lon="85.3326798"/>
 <node id="1960753156" visible="true" version="4" changeset="136438063" timestamp="2023-05-23T05:13:56Z" user="marek kleciak" uid="338611" lat="27.6682368" lon="85.3344757"/>
 <node id="1960753159" visible="true" version="6" changeset="136437352" timestamp="2023-05-23T04:31:42Z" user="marek kleciak" uid="338611" lat="27.6709683" lon="85.3395896"/>
 <node id="1960753160" visible="true" version="5" changeset="136438063" timestamp="2023-05-23T05:13:56Z" user="marek kleciak" uid="338611" lat="27.6676298" lon="85.3333557"/>
 <node id="1963141992" visible="true" version="3" changeset="136443145" timestamp="2023-05-23T07:52:58Z" user="marek kleciak" uid="338611" lat="27.6723191" lon="85.3411704"/>
 <node id="1966262297" visible="true" version="4" changeset="136532663" timestamp="2023-05-25T08:42:22Z" user="marek kleciak" uid="338611" lat="27.6633922" lon="85.3157566"/>
 <node id="1966262398" visible="true" version="5" changeset="136532663" timestamp="2023-05-25T08:42:22Z" user="marek kleciak" uid="338611" lat="27.6651376" lon="85.3132998"/>
 <node id="1968470450" visible="true" version="7" changeset="167809003" timestamp="2025-06-19T06:02:17Z" user="marek kleciak" uid="338611" lat="27.7134820" lon="85.2832261"/>
 <node id="1968470510" visible="true" version="8" changeset="167809003" timestamp="2025-06-19T06:02:17Z" user="marek kleciak" uid="338611" lat="27.7125505" lon="85.2831086"/>
 <node id="1968470515" visible="true" version="9" changeset="167809003" timestamp="2025-06-19T06:02:17Z" user="marek kleciak" uid="338611" lat="27.7146851" lon="85.2833847"/>
 <node id="1968470516" visible="true" version="6" changeset="167809003" timestamp="2025-06-19T06:02:17Z" user="marek kleciak" uid="338611" lat="27.7140443" lon="85.2832975"/>
 <node id="1980624552" visible="true" version="7" changeset="136855762" timestamp="2023-06-02T07:21:12Z" user="Heinz_V" uid="91490" lat="27.7349403" lon="85.3092322"/>
 <node id="1989319135" visible="true" version="4" changeset="136552261" timestamp="2023-05-25T16:53:42Z" user="marek kleciak" uid="338611" lat="27.7031909" lon="85.2820065"/>
 <node id="1993439346" visible="true" version="2" changeset="136855762" timestamp="2023-06-02T07:21:12Z" user="Heinz_V" uid="91490" lat="27.7370620" lon="85.3234740"/>
 <node id="2004031812" visible="true" version="7" changeset="136855762" timestamp="2023-06-02T07:21:12Z" user="Heinz_V" uid="91490" lat="27.7350199" lon="85.3161333"/>
 <node id="2010535716" visible="true" version="8" changeset="167732928" timestamp="2025-06-17T11:03:46Z" user="marek kleciak" uid="338611" lat="27.7175281" lon="85.3467212"/>
 <node id="2010535721" visible="true" version="9" changeset="167732928" timestamp="2025-06-17T11:03:46Z" user="marek kleciak" uid="338611" lat="27.7185132" lon="85.3468696"/>
 <node id="2010535723" visible="true" version="7" changeset="66979826" timestamp="2019-02-07T00:14:34Z" user="EarthAngel" uid="9050985" lat="27.7206229" lon="85.3460736">
  <tag k="name" v="Gopi Krishna Stop"/>
  <tag k="public_transport" v="stop_position"/>
 </node>
 <node id="2011801802" visible="true" version="9" changeset="166851418" timestamp="2025-05-28T04:29:57Z" user="marek kleciak" uid="338611" lat="27.7060097" lon="85.3488756"/>
 <node id="2011801803" visible="true" version="11" changeset="163778786" timestamp="2025-03-18T14:49:32Z" user="marek kleciak" uid="338611" lat="27.7061091" lon="85.3495282"/>
 <node id="2011801804" visible="true" version="6" changeset="136855762" timestamp="2023-06-02T07:21:12Z" user="Heinz_V" uid="91490" lat="27.7062170" lon="85.3506808"/>
 <node id="2014894842" visible="true" version="4" changeset="136855762" timestamp="2023-06-02T07:21:12Z" user="Heinz_V" uid="91490" lat="27.7225242" lon="85.3453463"/>
 <node id="2021254014" visible="true" version="6" changeset="167730410" timestamp="2025-06-17T09:56:47Z" user="marek kleciak" uid="338611" lat="27.7405211" lon="85.3361267"/>
 <node id="2021285801" visible="true" version="8" changeset="188794700" timestamp="2026-09-09T21:49:19Z" user="SpaceTracer" uid="9368502" lat="27.7008842" lon="85.3535326"/>
 <node id="2038006737" visible="true" version="7" changeset="136438379" timestamp="2023-05-23T05:30:23Z" user="marek kleciak" uid="338611" lat="27.6835176" lon="85.3490582"/>
 <node id="2038006738" visible="true" version="6" changeset="136407490" timestamp="2023-05-22T10:57:14Z" user="marek kleciak" uid="338611" lat="27.6842668" lon="85.3493483"/>
 <node id="2048110167" visible="true" version="8" changeset="66979826" timestamp="2019-02-07T00:14:34Z" user="EarthAngel" uid="9050985" lat="27.7205794" lon="85.3460906"/>
 <node id="2062627955" visible="true" version="7" changeset="136480295" timestamp="2023-05-24T05:13:24Z" user="marek kleciak" uid="338611" lat="27.6872657" lon="85.2908959"/>
 <node id="2074248380" visible="true" version="4" changeset="136855762" timestamp="2023-06-02T07:21:12Z" user="Heinz_V" uid="91490" lat="27.7385722" lon="85.3259420"/>
 <node id="2078268093" visible="true" version="2" changeset="136855762" timestamp="2023-06-02T07:21:12Z" user="Heinz_V" uid="91490" lat="27.7403180" lon="85.3288214"/>
 <node id="2079511273" visible="true" version="5" changeset="167764117" timestamp="2025-06-18T04:56:06Z" user="marek kleciak" uid="338611" lat="27.7353245" lon="85.3199602"/>
 <node id="2082919737" visible="true" version="4" changeset="170735986" timestamp="2025-08-20T16:19:07Z" user="HurdenShipCanal" uid="21470692" lat="27.7411571" lon="85.3302069"/>
 <node id="2090731488" visible="true" version="6" changeset="167730410" timestamp="2025-06-17T09:56:47Z" user="marek kleciak" uid="338611" lat="27.7415206" lon="85.3342049"/>
 <node id="2103833158" visible="true" version="10" changeset="167730410" timestamp="2025-06-17T09:56:47Z" user="marek kleciak" uid="338611" lat="27.7338934" lon="85.3429690"/>
 <node id="2164900451" visible="true" version="7" changeset="136533463" timestamp="2023-05-25T08:58:36Z" user="marek kleciak" uid="338611" lat="27.6662341" lon="85.3098437"/>
 <node id="2169446234" visible="true" version="4" changeset="136855762" timestamp="2023-06-02T07:21:12Z" user="Heinz_V" uid="91490" lat="27.7237309" lon="85.3448934"/>
 <node id="2204099326" visible="true" version="8" changeset="168909739" timestamp="2025-07-14T10:38:00Z" user="marek kleciak" uid="338611" lat="27.7144179" lon="85.3456637"/>
 <node id="2216306017" visible="true" version="6" changeset="168909739" timestamp="2025-07-14T10:38:00Z" user="marek kleciak" uid="338611" lat="27.7136714" lon="85.3455356"/>
 <node id="2217154378" visible="true" version="5" changeset="136855762" timestamp="2023-06-02T07:21:12Z" user="Heinz_V" uid="91490" lat="27.6968036" lon="85.3551636"/>
 <node id="2218658284" visible="true" version="7" changeset="150907210" timestamp="2024-05-05T07:25:54Z" user="manjita pandey" uid="10022716" lat="27.7101270" lon="85.2828367">
  <tag k="highway" v="crossing"/>
 </node>
 <node id="2218658286" visible="true" version="6" changeset="167809003" timestamp="2025-06-19T06:02:17Z" user="marek kleciak" uid="338611" lat="27.7110072" lon="85.2829329"/>
 <node id="2242544899" visible="true" version="7" changeset="167732928" timestamp="2025-06-17T11:03:46Z" user="marek kleciak" uid="338611" lat="27.7163914" lon="85.3463219"/>
 <node id="2267964855" visible="true" version="3" changeset="136855762" timestamp="2023-06-02T07:21:12Z" user="Heinz_V" uid="91490" lat="27.7068970" lon="85.3447029"/>
 <node id="2314314824" visible="true" version="7" changeset="136443413" timestamp="2023-05-23T07:59:51Z" user="marek kleciak" uid="338611" lat="27.6668242" lon="85.3323597"/>
 <node id="2342349321" visible="true" version="6" changeset="136480295" timestamp="2023-05-24T05:13:24Z" user="marek kleciak" uid="338611" lat="27.6895252" lon="85.2839107"/>
 <node id="2342349324" visible="true" version="7" changeset="136480295" timestamp="2023-05-24T05:13:24Z" user="marek kleciak" uid="338611" lat="27.6900667" lon="85.2835509"/>
 <node id="2396102541" visible="true" version="5" changeset="136479086" timestamp="2023-05-24T03:52:53Z" user="mandira bomjan" uid="19205506" lat="27.7197207" lon="85.2871035">
  <tag k="name" v="Thulo Bharang Stop"/>
  <tag k="public_transport" v="stop_position"/>
 </node>
 <node id="2396102542" visible="true" version="4" changeset="136855762" timestamp="2023-06-02T07:21:12Z" user="Heinz_V" uid="91490" lat="27.7271058" lon="85.3454895"/>
 <node id="2396108580" visible="true" version="6" changeset="136552664" timestamp="2023-05-25T17:04:57Z" user="marek kleciak" uid="338611" lat="27.6950889" lon="85.2815250"/>
 <node id="2516037710" visible="true" version="3" changeset="136855762" timestamp="2023-06-02T07:21:12Z" user="Heinz_V" uid="91490" lat="27.7234061" lon="85.3450071"/>
 <node id="2620559495" visible="true" version="7" changeset="167732928" timestamp="2025-06-17T11:03:46Z" user="marek kleciak" uid="338611" lat="27.7130244" lon="85.3453979"/>
 <node id="2632290119" visible="true" version="9" changeset="188748125" timestamp="2026-09-09T00:26:51Z" user="SpaceTracer" uid="9368502" lat="27.6878333" lon="85.3508530"/>
 <node id="2687304761" visible="true" version="7" changeset="167732928" timestamp="2025-06-17T11:03:46Z" user="marek kleciak" uid="338611" lat="27.7178731" lon="85.3468549"/>
 <node id="2710595540" visible="true" version="7" changeset="136544013" timestamp="2023-05-25T13:19:37Z" user="marek kleciak" uid="338611" lat="27.7253946" lon="85.3001112"/>
 <node id="2993444541" visible="true" version="2" changeset="58691059" timestamp="2018-05-04T20:41:42Z" user="Evandering" uid="6172527" lat="27.6952828" lon="85.3549541">
  <tag k="name" v="Sinamangal/Ring Road Stop सिनामंगल"/>
  <tag k="name:en" v="Sinamangal/Ring Road Stop"/>
  <tag k="name:ne" v="सिनामंगल"/>
  <tag k="public_transport" v="stop_position"/>
 </node>
 <node id="3045212593" visible="true" version="4" changeset="136407490" timestamp="2023-05-22T10:57:14Z" user="marek kleciak" uid="338611" lat="27.6840689" lon="85.3493200"/>
 <node id="3045212597" visible="true" version="4" changeset="136407490" timestamp="2023-05-22T10:57:14Z" user="marek kleciak" uid="338611" lat="27.6839762" lon="85.3492953"/>
 <node id="3045212598" visible="true" version="4" changeset="136407490" timestamp="2023-05-22T10:57:14Z" user="marek kleciak" uid="338611" lat="27.6828628" lon="85.3492838"/>
 <node id="3045212606" visible="true" version="8" changeset="136407490" timestamp="2023-05-22T10:57:14Z" user="marek kleciak" uid="338611" lat="27.6864899" lon="85.3500447"/>
 <node id="3045212619" visible="true" version="5" changeset="136438379" timestamp="2023-05-23T05:30:23Z" user="marek kleciak" uid="338611" lat="27.6827629" lon="85.3494398"/>
 <node id="3045212624" visible="true" version="3" changeset="136407490" timestamp="2023-05-22T10:57:14Z" user="marek kleciak" uid="338611" lat="27.6831780" lon="85.3491982"/>
 <node id="3047041125" visible="true" version="4" changeset="136855762" timestamp="2023-06-02T07:21:12Z" user="Heinz_V" uid="91490" lat="27.7055210" lon="85.3517742"/>
 <node id="3047041129" visible="true" version="3" changeset="136855762" timestamp="2023-06-02T07:21:12Z" user="Heinz_V" uid="91490" lat="27.7058161" lon="85.3463796"/>
 <node id="3047043236" visible="true" version="4" changeset="136855762" timestamp="2023-06-02T07:21:12Z" user="Heinz_V" uid="91490" lat="27.7059520" lon="85.3513500"/>
 <node id="3047043254" visible="true" version="4" changeset="136855762" timestamp="2023-06-02T07:21:12Z" user="Heinz_V" uid="91490" lat="27.7062408" lon="85.3504510"/>
 <node id="3047043256" visible="true" version="4" changeset="136855762" timestamp="2023-06-02T07:21:12Z" user="Heinz_V" uid="91490" lat="27.7062061" lon="85.3507685"/>
 <node id="3047043276" visible="true" version="4" changeset="166851418" timestamp="2025-05-28T04:29:57Z" user="marek kleciak" uid="338611" lat="27.7028275" lon="85.3521537"/>
 <node id="3047043284" visible="true" version="4" changeset="136855762" timestamp="2023-06-02T07:21:12Z" user="Heinz_V" uid="91490" lat="27.7061528" lon="85.3509545"/>
 <node id="3047043316" visible="true" version="2" changeset="66975891" timestamp="2019-02-06T20:43:24Z" user="EarthAngel" uid="9050985" lat="27.6901621" lon="85.3521872"/>
 <node id="3047043321" visible="true" version="4" changeset="136855762" timestamp="2023-06-02T07:21:12Z" user="Heinz_V" uid="91490" lat="27.7057471" lon="85.3516022"/>
 <node id="3047043325" visible="true" version="4" changeset="136855762" timestamp="2023-06-02T07:21:12Z" user="Heinz_V" uid="91490" lat="27.7051505" lon="85.3519050"/>
 <node id="3066526764" visible="true" version="7" changeset="167491234" timestamp="2025-06-11T13:11:20Z" user="marek kleciak" uid="338611" lat="27.7228076" lon="85.2934589"/>
 <node id="3066526779" visible="true" version="4" changeset="136551943" timestamp="2023-05-25T16:44:55Z" user="marek kleciak" uid="338611" lat="27.7176872" lon="85.2837770"/>
 <node id="3066526788" visible="true" version="5" changeset="136544013" timestamp="2023-05-25T13:19:37Z" user="marek kleciak" uid="338611" lat="27.7213217" lon="85.2904089"/>
 <node id="3066526820" visible="true" version="3" changeset="136499855" timestamp="2023-05-24T13:03:57Z" user="marek kleciak" uid="338611" lat="27.7183250" lon="85.2842579"/>
 <node id="3066526936" visible="true" version="2" changeset="66979470" timestamp="2019-02-06T23:44:24Z" user="EarthAngel" uid="9050985" lat="27.7180360" lon="85.2839397"/>
 <node id="3066526951" visible="true" version="4" changeset="136551943" timestamp="2023-05-25T16:44:55Z" user="marek kleciak" uid="338611" lat="27.7197452" lon="85.2871608">
  <tag k="highway" v="crossing"/>
 </node>
 <node id="3068103230" visible="true" version="7" changeset="171348428" timestamp="2025-09-02T08:14:42Z" user="marek kleciak" uid="338611" lat="27.7275990" lon="85.3050855"/>
 <node id="3068112428" visible="true" version="6" changeset="130021455" timestamp="2022-12-13T05:54:07Z" user="OlushandjaDam" uid="16528266" lat="27.7351093" lon="85.3082719"/>
 <node id="3068114854" visible="true" version="5" changeset="136536404" timestamp="2023-05-25T10:02:57Z" user="marek kleciak" uid="338611" lat="27.7353747" lon="85.3066458"/>
 <node id="3069881507" visible="true" version="6" changeset="164363483" timestamp="2025-04-01T08:40:34Z" user="marek kleciak" uid="338611" lat="27.7263784" lon="85.3035463"/>
 <node id="3069881510" visible="true" version="4" changeset="136544013" timestamp="2023-05-25T13:19:37Z" user="marek kleciak" uid="338611" lat="27.7261078" lon="85.3029653"/>
 <node id="3069881528" visible="true" version="4" changeset="136544013" timestamp="2023-05-25T13:19:37Z" user="marek kleciak" uid="338611" lat="27.7258118" lon="85.3019279"/>
 <node id="3074601513" visible="true" version="7" changeset="167732928" timestamp="2025-06-17T11:03:46Z" user="marek kleciak" uid="338611" lat="27.7130685" lon="85.3454140"/>
 <node id="3081211936" visible="true" version="5" changeset="136855762" timestamp="2023-06-02T07:21:12Z" user="Heinz_V" uid="91490" lat="27.7290186" lon="85.3459003"/>
 <node id="3084565679" visible="true" version="4" changeset="167732928" timestamp="2025-06-17T11:03:46Z" user="marek kleciak" uid="338611" lat="27.7183121" lon="85.3468596"/>
 <node id="3084565688" visible="true" version="2" changeset="136855762" timestamp="2023-06-02T07:21:12Z" user="Heinz_V" uid="91490" lat="27.7068196" lon="85.3448065"/>
 <node id="3084565706" visible="true" version="3" changeset="163805510" timestamp="2025-03-19T08:08:42Z" user="marek kleciak" uid="338611" lat="27.7126376" lon="85.3452350"/>
 <node id="3084565718" visible="true" version="4" changeset="122659758" timestamp="2022-06-21T10:19:58Z" user="Ahtserhsp" uid="9385008" lat="27.7172307" lon="85.3467356"/>
 <node id="3097524603" visible="true" version="2" changeset="66980260" timestamp="2019-02-07T00:45:41Z" user="EarthAngel" uid="9050985" lat="27.7043470" lon="85.2821641">
  <tag k="highway" v="crossing"/>
 </node>
 <node id="3141758560" visible="true" version="4" changeset="167764117" timestamp="2025-06-18T04:56:06Z" user="marek kleciak" uid="338611" lat="27.7356683" lon="85.3210481"/>
 <node id="3141758564" visible="true" version="3" changeset="167764117" timestamp="2025-06-18T04:56:06Z" user="marek kleciak" uid="338611" lat="27.7355116" lon="85.3206228"/>
 <node id="3141758565" visible="true" version="7" changeset="167764117" timestamp="2025-06-18T04:56:06Z" user="marek kleciak" uid="338611" lat="27.7352662" lon="85.3196772"/>
 <node id="3141794581" visible="true" version="2" changeset="136855762" timestamp="2023-06-02T07:21:12Z" user="Heinz_V" uid="91490" lat="27.7420064" lon="85.3316898"/>
 <node id="3141808243" visible="true" version="4" changeset="167764117" timestamp="2025-06-18T04:56:06Z" user="marek kleciak" uid="338611" lat="27.7363172" lon="85.3222180"/>
 <node id="3141826385" visible="true" version="7" changeset="136855762" timestamp="2023-06-02T07:21:12Z" user="Heinz_V" uid="91490" lat="27.7348168" lon="85.3122648"/>
 <node id="3141826414" visible="true" version="5" changeset="136855762" timestamp="2023-06-02T07:21:12Z" user="Heinz_V" uid="91490" lat="27.7349605" lon="85.3150951"/>
 <node id="3143415450" visible="true" version="7" changeset="167491234" timestamp="2025-06-11T13:11:20Z" user="marek kleciak" uid="338611" lat="27.7237086" lon="85.2953153"/>
 <node id="3143415471" visible="true" version="8" changeset="167809003" timestamp="2025-06-19T06:02:17Z" user="marek kleciak" uid="338611" lat="27.7239560" lon="85.2958248"/>
 <node id="3143415484" visible="true" version="5" changeset="136544013" timestamp="2023-05-25T13:19:37Z" user="marek kleciak" uid="338611" lat="27.7258559" lon="85.3021030"/>
 <node id="3143415498" visible="true" version="7" changeset="167491234" timestamp="2025-06-11T13:11:20Z" user="marek kleciak" uid="338611" lat="27.7241208" lon="85.2961581"/>
 <node id="3304031208" visible="true" version="6" changeset="136552664" timestamp="2023-05-25T17:04:57Z" user="marek kleciak" uid="338611" lat="27.6927431" lon="85.2817799"/>
 <node id="3316385576" visible="true" version="4" changeset="136442449" timestamp="2023-05-23T07:32:05Z" user="marek kleciak" uid="338611" lat="27.6959645" lon="85.2815018"/>
 <node id="3339449191" visible="true" version="5" changeset="136855762" timestamp="2023-06-02T07:21:12Z" user="Heinz_V" uid="91490" lat="27.6983249" lon="85.3551640"/>
 <node id="3339449192" visible="true" version="5" changeset="136855762" timestamp="2023-06-02T07:21:12Z" user="Heinz_V" uid="91490" lat="27.6976364" lon="85.3552486"/>
 <node id="3339451293" visible="true" version="2" changeset="58691059" timestamp="2018-05-04T20:41:42Z" user="Evandering" uid="6172527" lat="27.6952328" lon="85.3549382"/>
 <node id="3343802041" visible="true" version="6" changeset="167813470" timestamp="2025-06-19T08:15:50Z" user="marek kleciak" uid="338611" lat="27.6747743" lon="85.3435727"/>
 <node id="3355323496" visible="true" version="4" changeset="136480295" timestamp="2023-05-24T05:13:24Z" user="marek kleciak" uid="338611" lat="27.6876480" lon="85.2902303"/>
 <node id="3355323502" visible="true" version="5" changeset="136480295" timestamp="2023-05-24T05:13:24Z" user="marek kleciak" uid="338611" lat="27.6890109" lon="85.2843466"/>
 <node id="3355323516" visible="true" version="6" changeset="136480295" timestamp="2023-05-24T05:13:24Z" user="marek kleciak" uid="338611" lat="27.6884967" lon="85.2853508"/>
 <node id="3355323528" visible="true" version="8" changeset="136535654" timestamp="2023-05-25T09:45:24Z" user="marek kleciak" uid="338611" lat="27.6847496" lon="85.2982213"/>
 <node id="3355857270" visible="true" version="6" changeset="167726927" timestamp="2025-06-17T08:23:49Z" user="marek kleciak" uid="338611" lat="27.7258817" lon="85.3450879"/>
 <node id="3355857288" visible="true" version="6" changeset="167726927" timestamp="2025-06-17T08:23:49Z" user="marek kleciak" uid="338611" lat="27.7295157" lon="85.3457283"/>
 <node id="3355857291" visible="true" version="4" changeset="161445616" timestamp="2025-01-17T08:29:45Z" user="marek kleciak" uid="338611" lat="27.7245205" lon="85.3447682"/>
 <node id="3355859399" visible="true" version="4" changeset="167726927" timestamp="2025-06-17T08:23:49Z" user="marek kleciak" uid="338611" lat="27.7263684" lon="85.3452419"/>
 <node id="3355859400" visible="true" version="4" changeset="136855762" timestamp="2023-06-02T07:21:12Z" user="Heinz_V" uid="91490" lat="27.7286757" lon="85.3459051"/>
 <node id="3379232062" visible="true" version="4" changeset="136532492" timestamp="2023-05-25T08:38:13Z" user="marek kleciak" uid="338611" lat="27.6665931" lon="85.3083787"/>
 <node id="3485010375" visible="true" version="4" changeset="98736939" timestamp="2021-02-05T04:15:34Z" user="Sangita Pal" uid="11594050" lat="27.7347667" lon="85.3054964"/>
 <node id="3485029240" visible="true" version="7" changeset="144982900" timestamp="2023-12-11T02:25:15Z" user="OuanoukrimMNT" uid="14854330" lat="27.7353215" lon="85.3069201"/>
 <node id="3485144346" visible="true" version="5" changeset="136552664" timestamp="2023-05-25T17:04:57Z" user="marek kleciak" uid="338611" lat="27.6926881" lon="85.2818005"/>
 <node id="3485144357" visible="true" version="5" changeset="136480295" timestamp="2023-05-24T05:13:24Z" user="marek kleciak" uid="338611" lat="27.6880611" lon="85.2882532"/>
 <node id="3485144358" visible="true" version="2" changeset="136480295" timestamp="2023-05-24T05:13:24Z" user="marek kleciak" uid="338611" lat="27.6882057" lon="85.2877727"/>
 <node id="3487209986" visible="true" version="5" changeset="167491234" timestamp="2025-06-11T13:11:20Z" user="marek kleciak" uid="338611" lat="27.7245316" lon="85.2969927"/>
 <node id="3487209999" visible="true" version="7" changeset="167491234" timestamp="2025-06-11T13:11:20Z" user="marek kleciak" uid="338611" lat="27.7246800" lon="85.2972954"/>
 <node id="3499585070" visible="true" version="5" changeset="136480295" timestamp="2023-05-24T05:13:24Z" user="marek kleciak" uid="338611" lat="27.6882102" lon="85.2872528"/>
 <node id="3514803746" visible="true" version="3" changeset="136438063" timestamp="2023-05-23T05:13:56Z" user="marek kleciak" uid="338611" lat="27.6686124" lon="85.3351797"/>
 <node id="3514803754" visible="true" version="3" changeset="136438063" timestamp="2023-05-23T05:13:56Z" user="marek kleciak" uid="338611" lat="27.6679502" lon="85.3339350"/>
 <node id="3514803757" visible="true" version="4" changeset="136437352" timestamp="2023-05-23T04:31:42Z" user="marek kleciak" uid="338611" lat="27.6708263" lon="85.3393362"/>
 <node id="3514803768" visible="true" version="3" changeset="136438063" timestamp="2023-05-23T05:13:56Z" user="marek kleciak" uid="338611" lat="27.6674519" lon="85.3330681"/>
 <node id="3514803771" visible="true" version="4" changeset="136437352" timestamp="2023-05-23T04:31:42Z" user="marek kleciak" uid="338611" lat="27.6711356" lon="85.3398467"/>
 <node id="3514803775" visible="true" version="3" changeset="136438063" timestamp="2023-05-23T05:13:56Z" user="marek kleciak" uid="338611" lat="27.6700244" lon="85.3378246"/>
 <node id="3517471167" visible="true" version="6" changeset="136425085" timestamp="2023-05-22T17:58:02Z" user="marek kleciak" uid="338611" lat="27.6734799" lon="85.3422921"/>
 <node id="4107224886" visible="true" version="5" changeset="136467362" timestamp="2023-05-23T17:57:09Z" user="marek kleciak" uid="338611" lat="27.6656022" lon="85.3313559"/>
 <node id="4277570613" visible="true" version="7" changeset="136544013" timestamp="2023-05-25T13:19:37Z" user="marek kleciak" uid="338611" lat="27.7326649" lon="85.3053814"/>
 <node id="4330928598" visible="true" version="3" changeset="136551943" timestamp="2023-05-25T16:44:55Z" user="marek kleciak" uid="338611" lat="27.7175941" lon="85.2837551"/>
 <node id="4330928602" visible="true" version="4" changeset="136499855" timestamp="2023-05-24T13:03:57Z" user="marek kleciak" uid="338611" lat="27.7190191" lon="85.2856774"/>
 <node id="4330928603" visible="true" version="5" changeset="136551943" timestamp="2023-05-25T16:44:55Z" user="marek kleciak" uid="338611" lat="27.7171881" lon="85.2836949"/>
 <node id="4330928611" visible="true" version="4" changeset="136855762" timestamp="2023-06-02T07:21:12Z" user="Heinz_V" uid="91490" lat="27.7202268" lon="85.2881653"/>
 <node id="4330928622" visible="true" version="4" changeset="136499855" timestamp="2023-05-24T13:03:57Z" user="marek kleciak" uid="338611" lat="27.7185378" lon="85.2846575"/>
 <node id="4330928624" visible="true" version="4" changeset="136499855" timestamp="2023-05-24T13:03:57Z" user="marek kleciak" uid="338611" lat="27.7184005" lon="85.2843769"/>
 <node id="4330928631" visible="true" version="3" changeset="136499855" timestamp="2023-05-24T13:03:57Z" user="marek kleciak" uid="338611" lat="27.7181506" lon="85.2840431"/>
 <node id="4330928633" visible="true" version="6" changeset="136551943" timestamp="2023-05-25T16:44:55Z" user="marek kleciak" uid="338611" lat="27.7194070" lon="85.2864681"/>
 <node id="4331913155" visible="true" version="6" changeset="188794700" timestamp="2026-09-09T21:49:19Z" user="SpaceTracer" uid="9368502" lat="27.7017120" lon="85.3528632"/>
 <node id="4331913176" visible="true" version="4" changeset="136855762" timestamp="2023-06-02T07:21:12Z" user="Heinz_V" uid="91490" lat="27.6978449" lon="85.3552436"/>
 <node id="4331913187" visible="true" version="2" changeset="58691059" timestamp="2018-05-04T20:41:42Z" user="Evandering" uid="6172527" lat="27.6953537" lon="85.3550776"/>
 <node id="4331913598" visible="true" version="5" changeset="136855762" timestamp="2023-06-02T07:21:12Z" user="Heinz_V" uid="91490" lat="27.7074702" lon="85.3439455"/>
 <node id="4789784981" visible="true" version="2" changeset="66975891" timestamp="2019-02-06T20:43:24Z" user="EarthAngel" uid="9050985" lat="27.6894725" lon="85.3517832"/>
 <node id="4879891022" visible="true" version="9" changeset="144898591" timestamp="2023-12-08T11:01:33Z" user="sagarawrz07" uid="4831756" lat="27.7077664" lon="85.3432989">
  <tag k="crossing" v="traffic_signals"/>
  <tag k="crossing:island" v="no"/>
  <tag k="highway" v="crossing"/>
  <tag k="kerb" v="unknown"/>
  <tag k="name:en" v="Gaushala Chok गौशाला चोक ६६७"/>
 </node>
 <node id="4909674696" visible="true" version="5" changeset="136552261" timestamp="2023-05-25T16:53:42Z" user="marek kleciak" uid="338611" lat="27.7006424" lon="85.2817152"/>
 <node id="4909674701" visible="true" version="5" changeset="136552261" timestamp="2023-05-25T16:53:42Z" user="marek kleciak" uid="338611" lat="27.7015833" lon="85.2818236"/>
 <node id="4909674706" visible="true" version="6" changeset="136552261" timestamp="2023-05-25T16:53:42Z" user="marek kleciak" uid="338611" lat="27.7026513" lon="85.2819410"/>
 <node id="4938235621" visible="true" version="6" changeset="167732928" timestamp="2025-06-17T11:03:46Z" user="marek kleciak" uid="338611" lat="27.7114825" lon="85.3447386"/>
 <node id="4945407342" visible="true" version="9" changeset="167730410" timestamp="2025-06-17T09:56:47Z" user="marek kleciak" uid="338611" lat="27.7401043" lon="85.3369264">
  <tag k="button_operated" v="no"/>
  <tag k="crossing" v="traffic_signals"/>
  <tag k="crossing:island" v="no"/>
  <tag k="crossing_ref" v="zebra"/>
  <tag k="highway" v="crossing"/>
  <tag k="kerb" v="raised"/>
  <tag k="traffic_signals:sound" v="no"/>
  <tag k="traffic_signals:vibration" v="no"/>
 </node>
 <node id="4977163734" visible="true" version="3" changeset="136480295" timestamp="2023-05-24T05:13:24Z" user="marek kleciak" uid="338611" lat="27.6865935" lon="85.2918839"/>
 <node id="4977163735" visible="true" version="5" changeset="136480295" timestamp="2023-05-24T05:13:24Z" user="marek kleciak" uid="338611" lat="27.6865368" lon="85.2918633"/>
 <node id="4992350222" visible="true" version="3" changeset="136855762" timestamp="2023-06-02T07:21:12Z" user="Heinz_V" uid="91490" lat="27.7222872" lon="85.3454401"/>
 <node id="5094260315" visible="true" version="4" changeset="123940530" timestamp="2022-07-22T13:41:30Z" user="AssiniboineRiver" uid="15526701" lat="27.7168768" lon="85.3465859"/>
 <node id="5284658791" visible="true" version="5" changeset="136480295" timestamp="2023-05-24T05:13:24Z" user="marek kleciak" uid="338611" lat="27.6860062" lon="85.2925549"/>
 <node id="5284658793" visible="true" version="3" changeset="136480295" timestamp="2023-05-24T05:13:24Z" user="marek kleciak" uid="338611" lat="27.6875487" lon="85.2904378"/>
 <node id="5284658794" visible="true" version="3" changeset="136480295" timestamp="2023-05-24T05:13:24Z" user="marek kleciak" uid="338611" lat="27.6877387" lon="85.2899761"/>
 <node id="5284658795" visible="true" version="4" changeset="136480295" timestamp="2023-05-24T05:13:24Z" user="marek kleciak" uid="338611" lat="27.6878264" lon="85.2896982"/>
 <node id="5284658796" visible="true" version="4" changeset="136480295" timestamp="2023-05-24T05:13:24Z" user="marek kleciak" uid="338611" lat="27.6878635" lon="85.2895399"/>
 <node id="5284658798" visible="true" version="4" changeset="136480295" timestamp="2023-05-24T05:13:24Z" user="marek kleciak" uid="338611" lat="27.6891406" lon="85.2842006"/>
 <node id="5302200683" visible="true" version="6" changeset="167813470" timestamp="2025-06-19T08:15:50Z" user="marek kleciak" uid="338611" lat="27.6751464" lon="85.3440013"/>
 <node id="5310894605" visible="true" version="6" changeset="167813470" timestamp="2025-06-19T08:15:50Z" user="marek kleciak" uid="338611" lat="27.6749556" lon="85.3437807"/>
 <node id="5310894606" visible="true" version="5" changeset="167813470" timestamp="2025-06-19T08:15:50Z" user="marek kleciak" uid="338611" lat="27.6746152" lon="85.3434054"/>
 <node id="5310894608" visible="true" version="4" changeset="136438063" timestamp="2023-05-23T05:13:56Z" user="marek kleciak" uid="338611" lat="27.6673012" lon="85.3328607"/>
 <node id="5310894610" visible="true" version="3" changeset="136438063" timestamp="2023-05-23T05:13:56Z" user="marek kleciak" uid="338611" lat="27.6669757" lon="85.3325101"/>
 <node id="5312263446" visible="true" version="5" changeset="136531964" timestamp="2023-05-25T08:24:44Z" user="marek kleciak" uid="338611" lat="27.6581281" lon="85.3221314"/>
 <node id="5312263461" visible="true" version="3" changeset="136535654" timestamp="2023-05-25T09:45:24Z" user="marek kleciak" uid="338611" lat="27.6757119" lon="85.3019915"/>
 <node id="5312269028" visible="true" version="6" changeset="172291241" timestamp="2025-09-22T12:05:19Z" user="IliamnaLake" uid="22220289" lat="27.6851845" lon="85.2945173"/>
 <node id="5312269033" visible="true" version="4" changeset="136480295" timestamp="2023-05-24T05:13:24Z" user="marek kleciak" uid="338611" lat="27.6856615" lon="85.2930330"/>
 <node id="5312284381" visible="true" version="6" changeset="136552664" timestamp="2023-05-25T17:04:57Z" user="marek kleciak" uid="338611" lat="27.6942387" lon="85.2815712"/>
 <node id="5312284382" visible="true" version="4" changeset="136552664" timestamp="2023-05-25T17:04:57Z" user="marek kleciak" uid="338611" lat="27.6956643" lon="85.2815021"/>
 <node id="5312284383" visible="true" version="3" changeset="136552261" timestamp="2023-05-25T16:53:42Z" user="marek kleciak" uid="338611" lat="27.6984600" lon="85.2813963"/>
 <node id="5312304035" visible="true" version="4" changeset="167809003" timestamp="2025-06-19T06:02:17Z" user="marek kleciak" uid="338611" lat="27.7088598" lon="85.2826905"/>
 <node id="5312304036" visible="true" version="4" changeset="167809003" timestamp="2025-06-19T06:02:17Z" user="marek kleciak" uid="338611" lat="27.7105261" lon="85.2828901"/>
 <node id="5312304038" visible="true" version="5" changeset="167809003" timestamp="2025-06-19T06:02:17Z" user="marek kleciak" uid="338611" lat="27.7120517" lon="85.2830391"/>
 <node id="5312304039" visible="true" version="4" changeset="167809003" timestamp="2025-06-19T06:02:17Z" user="marek kleciak" uid="338611" lat="27.7130330" lon="85.2831735"/>
 <node id="5312304041" visible="true" version="4" changeset="167809003" timestamp="2025-06-19T06:02:17Z" user="marek kleciak" uid="338611" lat="27.7152126" lon="85.2834369"/>
 <node id="5312304042" visible="true" version="5" changeset="167809003" timestamp="2025-06-19T06:02:17Z" user="marek kleciak" uid="338611" lat="27.7157416" lon="85.2835060"/>
 <node id="5312304043" visible="true" version="4" changeset="167809003" timestamp="2025-06-19T06:02:17Z" user="marek kleciak" uid="338611" lat="27.7168926" lon="85.2836560"/>
 <node id="5312304044" visible="true" version="3" changeset="136551943" timestamp="2023-05-25T16:44:55Z" user="marek kleciak" uid="338611" lat="27.7177859" lon="85.2838078"/>
 <node id="5312304045" visible="true" version="3" changeset="66979470" timestamp="2019-02-06T23:44:25Z" user="EarthAngel" uid="9050985" lat="27.7179166" lon="85.2838613"/>
 <node id="5312304047" visible="true" version="3" changeset="136544013" timestamp="2023-05-25T13:19:37Z" user="marek kleciak" uid="338611" lat="27.7248972" lon="85.2980327"/>
 <node id="5312304050" visible="true" version="3" changeset="136544013" timestamp="2023-05-25T13:19:37Z" user="marek kleciak" uid="338611" lat="27.7260277" lon="85.3027170"/>
 <node id="5312304051" visible="true" version="4" changeset="136544013" timestamp="2023-05-25T13:19:37Z" user="marek kleciak" uid="338611" lat="27.7261421" lon="85.3030644"/>
 <node id="5312309758" visible="true" version="3" changeset="130021455" timestamp="2022-12-13T05:54:07Z" user="OlushandjaDam" uid="16528266" lat="27.7354049" lon="85.3063112"/>
 <node id="5312309759" visible="true" version="3" changeset="130021455" timestamp="2022-12-13T05:54:07Z" user="OlushandjaDam" uid="16528266" lat="27.7353384" lon="85.3060175"/>
 <node id="5312309760" visible="true" version="3" changeset="130021455" timestamp="2022-12-13T05:54:07Z" user="OlushandjaDam" uid="16528266" lat="27.7353669" lon="85.3060859"/>
 <node id="5312309761" visible="true" version="4" changeset="130021455" timestamp="2022-12-13T05:54:07Z" user="OlushandjaDam" uid="16528266" lat="27.7353087" lon="85.3059505"/>
 <node id="5312309762" visible="true" version="5" changeset="130021455" timestamp="2022-12-13T05:54:07Z" user="OlushandjaDam" uid="16528266" lat="27.7351414" lon="85.3057413"/>
 <node id="5312309763" visible="true" version="4" changeset="136855762" timestamp="2023-06-02T07:21:12Z" user="Heinz_V" uid="91490" lat="27.7349090" lon="85.3094608"/>
 <node id="5312309764" visible="true" version="4" changeset="136855762" timestamp="2023-06-02T07:21:12Z" user="Heinz_V" uid="91490" lat="27.7348771" lon="85.3097038"/>
 <node id="5312309765" visible="true" version="3" changeset="130021455" timestamp="2022-12-13T05:54:07Z" user="OlushandjaDam" uid="16528266" lat="27.7348232" lon="85.3102393"/>
 <node id="5312309766" visible="true" version="4" changeset="136855762" timestamp="2023-06-02T07:21:12Z" user="Heinz_V" uid="91490" lat="27.7347962" lon="85.3105508"/>
 <node id="5312309767" visible="true" version="4" changeset="136855762" timestamp="2023-06-02T07:21:12Z" user="Heinz_V" uid="91490" lat="27.7347844" lon="85.3114199"/>
 <node id="5312309768" visible="true" version="4" changeset="136855762" timestamp="2023-06-02T07:21:12Z" user="Heinz_V" uid="91490" lat="27.7347963" lon="85.3118396"/>
 <node id="5312309769" visible="true" version="5" changeset="136855762" timestamp="2023-06-02T07:21:12Z" user="Heinz_V" uid="91490" lat="27.7349987" lon="85.3156625"/>
 <node id="5312309770" visible="true" version="5" changeset="136855762" timestamp="2023-06-02T07:21:12Z" user="Heinz_V" uid="91490" lat="27.7350553" lon="85.3168094"/>
 <node id="5312309771" visible="true" version="4" changeset="136855762" timestamp="2023-06-02T07:21:12Z" user="Heinz_V" uid="91490" lat="27.7350636" lon="85.3172916"/>
 <node id="5312309772" visible="true" version="5" changeset="152189527" timestamp="2024-06-03T08:34:36Z" user="marek kleciak" uid="338611" lat="27.7351443" lon="85.3186812"/>
 <node id="5312309773" visible="true" version="5" changeset="167764117" timestamp="2025-06-18T04:56:06Z" user="marek kleciak" uid="338611" lat="27.7352031" lon="85.3192267"/>
 <node id="5312333277" visible="true" version="5" changeset="167730410" timestamp="2025-06-17T09:56:47Z" user="marek kleciak" uid="338611" lat="27.7408075" lon="85.3355838"/>
 <node id="5312333278" visible="true" version="4" changeset="167730410" timestamp="2025-06-17T09:56:47Z" user="marek kleciak" uid="338611" lat="27.7387536" lon="85.3394394"/>
 <node id="5312333279" visible="true" version="5" changeset="167730410" timestamp="2025-06-17T09:56:47Z" user="marek kleciak" uid="338611" lat="27.7380579" lon="85.3402336"/>
 <node id="5312333281" visible="true" version="6" changeset="167726927" timestamp="2025-06-17T08:23:49Z" user="marek kleciak" uid="338611" lat="27.7296804" lon="85.3456388"/>
 <node id="5312333282" visible="true" version="5" changeset="167726927" timestamp="2025-06-17T08:23:49Z" user="marek kleciak" uid="338611" lat="27.7294462" lon="85.3457640"/>
 <node id="5312333283" visible="true" version="4" changeset="167726927" timestamp="2025-06-17T08:23:49Z" user="marek kleciak" uid="338611" lat="27.7292705" lon="85.3458310"/>
 <node id="5312333284" visible="true" version="3" changeset="136855762" timestamp="2023-06-02T07:21:12Z" user="Heinz_V" uid="91490" lat="27.7289073" lon="85.3459078"/>
 <node id="5312333285" visible="true" version="3" changeset="136855762" timestamp="2023-06-02T07:21:12Z" user="Heinz_V" uid="91490" lat="27.7287965" lon="85.3459113"/>
 <node id="5312333286" visible="true" version="3" changeset="136855762" timestamp="2023-06-02T07:21:12Z" user="Heinz_V" uid="91490" lat="27.7285435" lon="85.3458970"/>
 <node id="5312333287" visible="true" version="2" changeset="77416552" timestamp="2019-11-22T09:20:58Z" user="Rabin Ojha" uid="6075053" lat="27.7278019" lon="85.3457103"/>
 <node id="5312333288" visible="true" version="2" changeset="77416552" timestamp="2019-11-22T09:20:58Z" user="Rabin Ojha" uid="6075053" lat="27.7275587" lon="85.3456399"/>
 <node id="5312333289" visible="true" version="3" changeset="161445616" timestamp="2025-01-17T08:29:45Z" user="marek kleciak" uid="338611" lat="27.7247430" lon="85.3447832"/>
 <node id="5312333290" visible="true" version="3" changeset="161445616" timestamp="2025-01-17T08:29:45Z" user="marek kleciak" uid="338611" lat="27.7241902" lon="85.3447875"/>
 <node id="5312333291" visible="true" version="2" changeset="136855762" timestamp="2023-06-02T07:21:12Z" user="Heinz_V" uid="91490" lat="27.7227604" lon="85.3452580"/>
 <node id="5597223705" visible="true" version="1" changeset="58691059" timestamp="2018-05-04T20:41:39Z" user="Evandering" uid="6172527" lat="27.6953146" lon="85.3550847"/>
 <node id="5597223706" visible="true" version="1" changeset="58691059" timestamp="2018-05-04T20:41:39Z" user="Evandering" uid="6172527" lat="27.6953359" lon="85.3549709"/>
 <node id="5597223708" visible="true" version="1" changeset="58691059" timestamp="2018-05-04T20:41:39Z" user="Evandering" uid="6172527" lat="27.6952142" lon="85.3550619"/>
 <node id="5597223710" visible="true" version="1" changeset="58691059" timestamp="2018-05-04T20:41:39Z" user="Evandering" uid="6172527" lat="27.6951467" lon="85.3549229"/>
 <node id="5597223711" visible="true" version="1" changeset="58691059" timestamp="2018-05-04T20:41:39Z" user="Evandering" uid="6172527" lat="27.6953758" lon="85.3549836"/>
 <node id="5597223712" visible="true" version="2" changeset="66975891" timestamp="2019-02-06T20:43:24Z" user="EarthAngel" uid="9050985" lat="27.6946455" lon="85.3547441"/>
 <node id="5597223713" visible="true" version="1" changeset="58691059" timestamp="2018-05-04T20:41:39Z" user="Evandering" uid="6172527" lat="27.6951271" lon="85.3550138"/>
 <node id="5645760469" visible="true" version="8" changeset="136861575" timestamp="2023-06-02T10:09:58Z" user="Manoj Thapa" uid="781054" lat="27.6836967" lon="85.3491220"/>
 <node id="5645760470" visible="true" version="3" changeset="136407490" timestamp="2023-05-22T10:57:14Z" user="marek kleciak" uid="338611" lat="27.6826266" lon="85.3493306"/>
 <node id="5645760471" visible="true" version="1" changeset="59312500" timestamp="2018-05-27T12:24:47Z" user="amritkarma" uid="680067" lat="27.6816627" lon="85.3495613"/>
 <node id="5645760472" visible="true" version="6" changeset="188393951" timestamp="2026-09-01T23:53:40Z" user="SpaceTracer" uid="9368502" lat="27.6789016" lon="85.3496781">
  <tag k="crossing" v="traffic_signals"/>
  <tag k="highway" v="traffic_signals"/>
  <tag k="name" v="Koteshwar Stop"/>
  <tag k="public_transport" v="stop_position"/>
 </node>
 <node id="5654037770" visible="true" version="4" changeset="152189527" timestamp="2024-06-03T08:34:36Z" user="marek kleciak" uid="338611" lat="27.7351598" lon="85.3188678"/>
 <node id="5783026967" visible="true" version="6" changeset="136544013" timestamp="2023-05-25T13:19:37Z" user="marek kleciak" uid="338611" lat="27.7252547" lon="85.2995433"/>
 <node id="5784632345" visible="true" version="5" changeset="173702902" timestamp="2025-10-24T07:02:03Z" user="Metauro" uid="20432920" lat="27.7271079" lon="85.3044690"/>
 <node id="5784632348" visible="true" version="5" changeset="173702902" timestamp="2025-10-24T07:02:03Z" user="Metauro" uid="20432920" lat="27.7269217" lon="85.3045008"/>
 <node id="5784632349" visible="true" version="5" changeset="173702902" timestamp="2025-10-24T07:02:03Z" user="Metauro" uid="20432920" lat="27.7269830" lon="85.3047304"/>
 <node id="5784632352" visible="true" version="5" changeset="173702902" timestamp="2025-10-24T07:02:03Z" user="Metauro" uid="20432920" lat="27.7271597" lon="85.3045643"/>
 <node id="5784633453" visible="true" version="5" changeset="173702902" timestamp="2025-10-24T07:02:03Z" user="Metauro" uid="20432920" lat="27.7270603" lon="85.3047353"/>
 <node id="5784633454" visible="true" version="5" changeset="173702902" timestamp="2025-10-24T07:02:03Z" user="Metauro" uid="20432920" lat="27.7271270" lon="85.3046906"/>
 <node id="5784633455" visible="true" version="5" changeset="173702902" timestamp="2025-10-24T07:02:03Z" user="Metauro" uid="20432920" lat="27.7270699" lon="85.3044469"/>
 <node id="5784633456" visible="true" version="5" changeset="173702902" timestamp="2025-10-24T07:02:03Z" user="Metauro" uid="20432920" lat="27.7269445" lon="85.3044736"/>
 <node id="5784633457" visible="true" version="5" changeset="173702902" timestamp="2025-10-24T07:02:03Z" user="Metauro" uid="20432920" lat="27.7268960" lon="85.3045871"/>
 <node id="5784633458" visible="true" version="5" changeset="173702902" timestamp="2025-10-24T07:02:03Z" user="Metauro" uid="20432920" lat="27.7269188" lon="85.3046737"/>
 <node id="5784633459" visible="true" version="5" changeset="173702902" timestamp="2025-10-24T07:02:03Z" user="Metauro" uid="20432920" lat="27.7271322" lon="85.3044954"/>
 <node id="5784633460" visible="true" version="5" changeset="173702902" timestamp="2025-10-24T07:02:03Z" user="Metauro" uid="20432920" lat="27.7269015" lon="85.3046324"/>
 <node id="5784633461" visible="true" version="5" changeset="173702902" timestamp="2025-10-24T07:02:03Z" user="Metauro" uid="20432920" lat="27.7270373" lon="85.3044398"/>
 <node id="5784633462" visible="true" version="5" changeset="173702902" timestamp="2025-10-24T07:02:03Z" user="Metauro" uid="20432920" lat="27.7270966" lon="85.3047186"/>
 <node id="5784633463" visible="true" version="5" changeset="173702902" timestamp="2025-10-24T07:02:03Z" user="Metauro" uid="20432920" lat="27.7270213" lon="85.3047394"/>
 <node id="5784633464" visible="true" version="5" changeset="164363483" timestamp="2025-04-01T08:40:34Z" user="marek kleciak" uid="338611" lat="27.7267518" lon="85.3041394"/>
 <node id="6081908325" visible="true" version="1" changeset="64771845" timestamp="2018-11-22T09:25:33Z" user="Pradeep Rana" uid="6721863" lat="27.7154813" lon="85.3459892"/>
 <node id="6084895461" visible="true" version="3" changeset="136855762" timestamp="2023-06-02T07:21:12Z" user="Heinz_V" uid="91490" lat="27.7103426" lon="85.3441715"/>
 <node id="6089694622" visible="true" version="2" changeset="136425085" timestamp="2023-05-22T17:58:02Z" user="marek kleciak" uid="338611" lat="27.6750782" lon="85.3438234"/>
 <node id="6089694624" visible="true" version="2" changeset="136425085" timestamp="2023-05-22T17:58:02Z" user="marek kleciak" uid="338611" lat="27.6754926" lon="85.3443504"/>
 <node id="6089694625" visible="true" version="2" changeset="136425085" timestamp="2023-05-22T17:58:02Z" user="marek kleciak" uid="338611" lat="27.6752823" lon="85.3440701"/>
 <node id="6089694626" visible="true" version="3" changeset="161932743" timestamp="2025-01-30T11:03:58Z" user="marek kleciak" uid="338611" lat="27.6748618" lon="85.3435725"/>
 <node id="6089694627" visible="true" version="2" changeset="136425085" timestamp="2023-05-22T17:58:02Z" user="marek kleciak" uid="338611" lat="27.6742645" lon="85.3429636"/>
 <node id="6089694628" visible="true" version="3" changeset="167815238" timestamp="2025-06-19T08:58:10Z" user="marek kleciak" uid="338611" lat="27.6738259" lon="85.3425293">
  <tag k="highway" v="crossing"/>
 </node>
 <node id="6127458887" visible="true" version="4" changeset="136552664" timestamp="2023-05-25T17:04:57Z" user="marek kleciak" uid="338611" lat="27.6938632" lon="85.2815906"/>
 <node id="6172544115" visible="true" version="1" changeset="65883268" timestamp="2018-12-30T09:58:02Z" user="Puskar12" uid="9301448" lat="27.7079563" lon="85.3433993"/>
 <node id="6172544116" visible="true" version="4" changeset="164751318" timestamp="2025-04-10T05:38:40Z" user="marek kleciak" uid="338611" lat="27.7076918" lon="85.3435495"/>
 <node id="6172544117" visible="true" version="4" changeset="136855762" timestamp="2023-06-02T07:21:12Z" user="Heinz_V" uid="91490" lat="27.7034717" lon="85.3520278"/>
 <node id="6262609007" visible="true" version="3" changeset="136855762" timestamp="2023-06-02T07:21:12Z" user="Heinz_V" uid="91490" lat="27.7043249" lon="85.3519885"/>
 <node id="6262609009" visible="true" version="4" changeset="166851418" timestamp="2025-05-28T04:29:57Z" user="marek kleciak" uid="338611" lat="27.7021709" lon="85.3525127"/>
 <node id="6273792190" visible="true" version="3" changeset="136535654" timestamp="2023-05-25T09:45:24Z" user="marek kleciak" uid="338611" lat="27.6782615" lon="85.3021117"/>
 <node id="6275508086" visible="true" version="4" changeset="136467362" timestamp="2023-05-23T17:57:09Z" user="marek kleciak" uid="338611" lat="27.6658284" lon="85.3315376"/>
 <node id="6275508087" visible="true" version="3" changeset="136438063" timestamp="2023-05-23T05:13:56Z" user="marek kleciak" uid="338611" lat="27.6663986" lon="85.3320012"/>
 <node id="6275508136" visible="true" version="5" changeset="136413137" timestamp="2023-05-22T12:55:39Z" user="marek kleciak" uid="338611" lat="27.6777836" lon="85.3479743"/>
 <node id="6275508137" visible="true" version="3" changeset="188393951" timestamp="2026-09-01T23:53:40Z" user="SpaceTracer" uid="9368502" lat="27.6788173" lon="85.3495298"/>
 <node id="6275508138" visible="true" version="2" changeset="188393951" timestamp="2026-09-01T23:53:40Z" user="SpaceTracer" uid="9368502" lat="27.6788089" lon="85.3494696"/>
 <node id="6275508139" visible="true" version="2" changeset="188393951" timestamp="2026-09-01T23:53:40Z" user="SpaceTracer" uid="9368502" lat="27.6787937" lon="85.3494076"/>
 <node id="6275508140" visible="true" version="7" changeset="188393951" timestamp="2026-09-01T23:53:40Z" user="SpaceTracer" uid="9368502" lat="27.6787350" lon="85.3492730">
  <tag k="highway" v="traffic_signals"/>
  <tag k="traffic_signals" v="signal"/>
 </node>
 <node id="6275508142" visible="true" version="4" changeset="188393951" timestamp="2026-09-01T23:53:40Z" user="SpaceTracer" uid="9368502" lat="27.6786924" lon="85.3492037">
  <tag k="highway" v="crossing"/>
 </node>
 <node id="6275508143" visible="true" version="2" changeset="136413137" timestamp="2023-05-22T12:55:39Z" user="marek kleciak" uid="338611" lat="27.6786202" lon="85.3490961"/>
 <node id="6275508144" visible="true" version="2" changeset="136413137" timestamp="2023-05-22T12:55:39Z" user="marek kleciak" uid="338611" lat="27.6784265" lon="85.3488209"/>
 <node id="6275508145" visible="true" version="2" changeset="136413137" timestamp="2023-05-22T12:55:39Z" user="marek kleciak" uid="338611" lat="27.6781829" lon="85.3484375"/>
 <node id="6275508146" visible="true" version="2" changeset="136413137" timestamp="2023-05-22T12:55:39Z" user="marek kleciak" uid="338611" lat="27.6778086" lon="85.3478593"/>
 <node id="6275508147" visible="true" version="3" changeset="146731956" timestamp="2024-01-27T04:44:40Z" user="Sucl" uid="19156307" lat="27.6775863" lon="85.3475249">
  <tag k="direction" v="60"/>
  <tag k="highway" v="speed_camera"/>
  <tag k="maxspeed" v="50"/>
 </node>
 <node id="6275508148" visible="true" version="2" changeset="136413137" timestamp="2023-05-22T12:55:39Z" user="marek kleciak" uid="338611" lat="27.6772314" lon="85.3469952"/>
 <node id="6275508149" visible="true" version="2" changeset="136413137" timestamp="2023-05-22T12:55:39Z" user="marek kleciak" uid="338611" lat="27.6769834" lon="85.3466325"/>
 <node id="6275508151" visible="true" version="2" changeset="136413137" timestamp="2023-05-22T12:55:39Z" user="marek kleciak" uid="338611" lat="27.6764303" lon="85.3457830"/>
 <node id="6275508152" visible="true" version="2" changeset="136413137" timestamp="2023-05-22T12:55:39Z" user="marek kleciak" uid="338611" lat="27.6762445" lon="85.3454978"/>
 <node id="6275508153" visible="true" version="2" changeset="136413137" timestamp="2023-05-22T12:55:39Z" user="marek kleciak" uid="338611" lat="27.6759462" lon="85.3450379"/>
 <node id="6275508154" visible="true" version="2" changeset="136425085" timestamp="2023-05-22T17:58:02Z" user="marek kleciak" uid="338611" lat="27.6757414" lon="85.3447324"/>
 <node id="6275508155" visible="true" version="2" changeset="136425085" timestamp="2023-05-22T17:58:02Z" user="marek kleciak" uid="338611" lat="27.6756254" lon="85.3445585"/>
 <node id="6275508156" visible="true" version="2" changeset="136425085" timestamp="2023-05-22T17:58:02Z" user="marek kleciak" uid="338611" lat="27.6735158" lon="85.3422351"/>
 <node id="6275508157" visible="true" version="3" changeset="136425085" timestamp="2023-05-22T17:58:02Z" user="marek kleciak" uid="338611" lat="27.6726959" lon="85.3414335"/>
 <node id="6275508198" visible="true" version="3" changeset="136467362" timestamp="2023-05-23T17:57:09Z" user="marek kleciak" uid="338611" lat="27.6616701" lon="85.3280241"/>
 <node id="6275508236" visible="true" version="4" changeset="136532663" timestamp="2023-05-25T08:42:22Z" user="marek kleciak" uid="338611" lat="27.6618769" lon="85.3176565"/>
 <node id="6275508239" visible="true" version="4" changeset="136533463" timestamp="2023-05-25T08:58:36Z" user="marek kleciak" uid="338611" lat="27.6626079" lon="85.3167531"/>
 <node id="6275508240" visible="true" version="3" changeset="136532663" timestamp="2023-05-25T08:42:22Z" user="marek kleciak" uid="338611" lat="27.6637234" lon="85.3153681"/>
 <node id="6275508241" visible="true" version="2" changeset="136533463" timestamp="2023-05-25T08:58:36Z" user="marek kleciak" uid="338611" lat="27.6643411" lon="85.3145713"/>
 <node id="6275508242" visible="true" version="2" changeset="136533463" timestamp="2023-05-25T08:58:36Z" user="marek kleciak" uid="338611" lat="27.6647025" lon="85.3141321"/>
 <node id="6275508244" visible="true" version="3" changeset="136533463" timestamp="2023-05-25T08:58:36Z" user="marek kleciak" uid="338611" lat="27.6648251" lon="85.3139716"/>
 <node id="6275508245" visible="true" version="3" changeset="136533463" timestamp="2023-05-25T08:58:36Z" user="marek kleciak" uid="338611" lat="27.6649372" lon="85.3138161"/>
 <node id="6275508246" visible="true" version="3" changeset="136533463" timestamp="2023-05-25T08:58:36Z" user="marek kleciak" uid="338611" lat="27.6650143" lon="85.3136914"/>
 <node id="6275508248" visible="true" version="3" changeset="136533463" timestamp="2023-05-25T08:58:36Z" user="marek kleciak" uid="338611" lat="27.6650964" lon="85.3135459"/>
 <node id="6275508249" visible="true" version="3" changeset="136533463" timestamp="2023-05-25T08:58:36Z" user="marek kleciak" uid="338611" lat="27.6651729" lon="85.3133828"/>
 <node id="6275508250" visible="true" version="3" changeset="136533463" timestamp="2023-05-25T08:58:36Z" user="marek kleciak" uid="338611" lat="27.6653245" lon="85.3129733"/>
 <node id="6275508251" visible="true" version="3" changeset="136533463" timestamp="2023-05-25T08:58:36Z" user="marek kleciak" uid="338611" lat="27.6657805" lon="85.3113581"/>
 <node id="6275508252" visible="true" version="3" changeset="136533463" timestamp="2023-05-25T08:58:36Z" user="marek kleciak" uid="338611" lat="27.6660036" lon="85.3106025"/>
 <node id="6275508253" visible="true" version="3" changeset="136533463" timestamp="2023-05-25T08:58:36Z" user="marek kleciak" uid="338611" lat="27.6661227" lon="85.3102358"/>
 <node id="6275508255" visible="true" version="3" changeset="136533463" timestamp="2023-05-25T08:58:36Z" user="marek kleciak" uid="338611" lat="27.6663866" lon="85.3093111"/>
 <node id="6275508256" visible="true" version="4" changeset="136533463" timestamp="2023-05-25T08:58:36Z" user="marek kleciak" uid="338611" lat="27.6665449" lon="85.3087656"/>
 <node id="6275508257" visible="true" version="3" changeset="136533463" timestamp="2023-05-25T08:58:36Z" user="marek kleciak" uid="338611" lat="27.6666211" lon="85.3085244"/>
 <node id="6275508258" visible="true" version="3" changeset="136533463" timestamp="2023-05-25T08:58:36Z" user="marek kleciak" uid="338611" lat="27.6666904" lon="85.3083475"/>
 <node id="6275508259" visible="true" version="3" changeset="136533463" timestamp="2023-05-25T08:58:36Z" user="marek kleciak" uid="338611" lat="27.6668763" lon="85.3080111"/>
 <node id="6275508260" visible="true" version="3" changeset="136533463" timestamp="2023-05-25T08:58:36Z" user="marek kleciak" uid="338611" lat="27.6669831" lon="85.3078648"/>
 <node id="6275508261" visible="true" version="3" changeset="136533796" timestamp="2023-05-25T09:05:51Z" user="marek kleciak" uid="338611" lat="27.6670851" lon="85.3077516"/>
 <node id="6275508262" visible="true" version="3" changeset="136533796" timestamp="2023-05-25T09:05:51Z" user="marek kleciak" uid="338611" lat="27.6671923" lon="85.3076466"/>
 <node id="6275508263" visible="true" version="3" changeset="136533796" timestamp="2023-05-25T09:05:51Z" user="marek kleciak" uid="338611" lat="27.6676302" lon="85.3073012"/>
 <node id="6275508264" visible="true" version="3" changeset="136533796" timestamp="2023-05-25T09:05:51Z" user="marek kleciak" uid="338611" lat="27.6682048" lon="85.3068599"/>
 <node id="6275508268" visible="true" version="3" changeset="136533796" timestamp="2023-05-25T09:05:51Z" user="marek kleciak" uid="338611" lat="27.6689158" lon="85.3063021"/>
 <node id="6275508269" visible="true" version="3" changeset="136533796" timestamp="2023-05-25T09:05:51Z" user="marek kleciak" uid="338611" lat="27.6692818" lon="85.3060113"/>
 <node id="6275508270" visible="true" version="3" changeset="136533796" timestamp="2023-05-25T09:05:51Z" user="marek kleciak" uid="338611" lat="27.6698133" lon="85.3055911"/>
 <node id="6275508273" visible="true" version="3" changeset="136533796" timestamp="2023-05-25T09:05:51Z" user="marek kleciak" uid="338611" lat="27.6699860" lon="85.3054624"/>
 <node id="6275508274" visible="true" version="3" changeset="136533796" timestamp="2023-05-25T09:05:51Z" user="marek kleciak" uid="338611" lat="27.6706402" lon="85.3049503"/>
 <node id="6275508275" visible="true" version="3" changeset="136533796" timestamp="2023-05-25T09:05:51Z" user="marek kleciak" uid="338611" lat="27.6717405" lon="85.3040723"/>
 <node id="6275508276" visible="true" version="5" changeset="136535654" timestamp="2023-05-25T09:45:24Z" user="marek kleciak" uid="338611" lat="27.6724527" lon="85.3035240">
  <tag k="junction" v="yes"/>
  <tag k="name" v="Pattipa Chok"/>
 </node>
 <node id="6275508277" visible="true" version="3" changeset="136534090" timestamp="2023-05-25T09:12:22Z" user="marek kleciak" uid="338611" lat="27.6735642" lon="85.3026755"/>
 <node id="6275508278" visible="true" version="3" changeset="136534090" timestamp="2023-05-25T09:12:22Z" user="marek kleciak" uid="338611" lat="27.6738968" lon="85.3024634"/>
 <node id="6275508279" visible="true" version="3" changeset="136534090" timestamp="2023-05-25T09:12:22Z" user="marek kleciak" uid="338611" lat="27.6741363" lon="85.3023421"/>
 <node id="6275508280" visible="true" version="3" changeset="136534090" timestamp="2023-05-25T09:12:22Z" user="marek kleciak" uid="338611" lat="27.6743242" lon="85.3022678"/>
 <node id="6275508281" visible="true" version="3" changeset="136534090" timestamp="2023-05-25T09:12:22Z" user="marek kleciak" uid="338611" lat="27.6744880" lon="85.3022062"/>
 <node id="6275508282" visible="true" version="3" changeset="136534090" timestamp="2023-05-25T09:12:22Z" user="marek kleciak" uid="338611" lat="27.6746572" lon="85.3021604"/>
 <node id="6275508283" visible="true" version="4" changeset="136535654" timestamp="2023-05-25T09:45:24Z" user="marek kleciak" uid="338611" lat="27.6747678" lon="85.3021366"/>
 <node id="6275508284" visible="true" version="4" changeset="136535654" timestamp="2023-05-25T09:45:24Z" user="marek kleciak" uid="338611" lat="27.6749541" lon="85.3021026"/>
 <node id="6275508285" visible="true" version="3" changeset="136535654" timestamp="2023-05-25T09:45:24Z" user="marek kleciak" uid="338611" lat="27.6751211" lon="85.3020832"/>
 <node id="6275508286" visible="true" version="3" changeset="136535654" timestamp="2023-05-25T09:45:24Z" user="marek kleciak" uid="338611" lat="27.6754405" lon="85.3020748"/>
 <node id="6275508287" visible="true" version="3" changeset="136535654" timestamp="2023-05-25T09:45:24Z" user="marek kleciak" uid="338611" lat="27.6756818" lon="85.3020733"/>
 <node id="6275508288" visible="true" version="3" changeset="136535654" timestamp="2023-05-25T09:45:24Z" user="marek kleciak" uid="338611" lat="27.6762973" lon="85.3020980"/>
 <node id="6275508289" visible="true" version="3" changeset="136535654" timestamp="2023-05-25T09:45:24Z" user="marek kleciak" uid="338611" lat="27.6774016" lon="85.3021411"/>
 <node id="6275508290" visible="true" version="3" changeset="136535654" timestamp="2023-05-25T09:45:24Z" user="marek kleciak" uid="338611" lat="27.6779813" lon="85.3021685"/>
 <node id="6275508291" visible="true" version="3" changeset="136535654" timestamp="2023-05-25T09:45:24Z" user="marek kleciak" uid="338611" lat="27.6783521" lon="85.3021878"/>
 <node id="6275508293" visible="true" version="4" changeset="136533796" timestamp="2023-05-25T09:05:51Z" user="marek kleciak" uid="338611" lat="27.6680320" lon="85.3068949"/>
 <node id="6275508309" visible="true" version="4" changeset="136535654" timestamp="2023-05-25T09:45:24Z" user="marek kleciak" uid="338611" lat="27.6847458" lon="85.2988544"/>
 <node id="6286854858" visible="true" version="3" changeset="167732928" timestamp="2025-06-17T11:03:46Z" user="marek kleciak" uid="338611" lat="27.7129639" lon="85.3453740"/>
 <node id="6287083162" visible="true" version="4" changeset="167813470" timestamp="2025-06-19T08:15:50Z" user="marek kleciak" uid="338611" lat="27.6754129" lon="85.3443584"/>
 <node id="6498885631" visible="true" version="6" changeset="152189527" timestamp="2024-06-03T08:34:36Z" user="marek kleciak" uid="338611" lat="27.7351293" lon="85.3184796"/>
 <node id="6498893342" visible="true" version="3" changeset="136544013" timestamp="2023-05-25T13:19:37Z" user="marek kleciak" uid="338611" lat="27.7247853" lon="85.2975760"/>
 <node id="6522177621" visible="true" version="3" changeset="136855762" timestamp="2023-06-02T07:21:12Z" user="Heinz_V" uid="91490" lat="27.7056617" lon="85.3516788"/>
 <node id="6525443032" visible="true" version="2" changeset="136499855" timestamp="2023-05-24T13:03:57Z" user="marek kleciak" uid="338611" lat="27.7182545" lon="85.2841598"/>
 <node id="6538288153" visible="true" version="3" changeset="167764117" timestamp="2025-06-18T04:56:06Z" user="marek kleciak" uid="338611" lat="27.7366284" lon="85.3227572"/>
 <node id="6658375843" visible="true" version="6" changeset="181080889" timestamp="2026-04-09T06:45:22Z" user="ThabanaNtlenyana" uid="23763378" lat="27.7350360" lon="85.3164801"/>
 <node id="6658375854" visible="true" version="4" changeset="136855762" timestamp="2023-06-02T07:21:12Z" user="Heinz_V" uid="91490" lat="27.7348406" lon="85.3127311"/>
 <node id="6658465769" visible="true" version="3" changeset="167730410" timestamp="2025-06-17T09:56:47Z" user="marek kleciak" uid="338611" lat="27.7364713" lon="85.3413313"/>
 <node id="6658567559" visible="true" version="5" changeset="167730410" timestamp="2025-06-17T09:56:47Z" user="marek kleciak" uid="338611" lat="27.7343956" lon="85.3426607"/>
 <node id="6672510917" visible="true" version="5" changeset="167809003" timestamp="2025-06-19T06:02:17Z" user="marek kleciak" uid="338611" lat="27.7243790" lon="85.2966780"/>
 <node id="6988783799" visible="true" version="2" changeset="136855762" timestamp="2023-06-02T07:21:12Z" user="Heinz_V" uid="91490" lat="27.7194544" lon="85.3465198"/>
 <node id="6994454324" visible="true" version="5" changeset="136855762" timestamp="2023-06-02T07:21:12Z" user="Heinz_V" uid="91490" lat="27.7203088" lon="85.2883261"/>
 <node id="6994459395" visible="true" version="3" changeset="136544013" timestamp="2023-05-25T13:19:37Z" user="marek kleciak" uid="338611" lat="27.7212330" lon="85.2902296"/>
 <node id="7040730499" visible="true" version="7" changeset="171344754" timestamp="2025-09-02T06:32:23Z" user="marek kleciak" uid="338611" lat="27.7061986" lon="85.3455696"/>
 <node id="7041212854" visible="true" version="4" changeset="136455502" timestamp="2023-05-23T12:55:23Z" user="marek kleciak" uid="338611" lat="27.7066254" lon="85.3450531"/>
 <node id="7041212855" visible="true" version="5" changeset="171344754" timestamp="2025-09-02T06:32:23Z" user="marek kleciak" uid="338611" lat="27.7058358" lon="85.3462779"/>
 <node id="7041212856" visible="true" version="4" changeset="136855762" timestamp="2023-06-02T07:21:12Z" user="Heinz_V" uid="91490" lat="27.7057542" lon="85.3470247"/>
 <node id="7062750345" visible="true" version="5" changeset="183569256" timestamp="2026-06-03T01:43:20Z" user="SurmaRiver" uid="23046137" lat="27.7234658" lon="85.2948822"/>
 <node id="7070924813" visible="true" version="5" changeset="188794700" timestamp="2026-09-09T21:49:19Z" user="SpaceTracer" uid="9368502" lat="27.7009360" lon="85.3534920"/>
 <node id="7070924854" visible="true" version="4" changeset="161598386" timestamp="2025-01-21T12:21:40Z" user="marek kleciak" uid="338611" lat="27.6995007" lon="85.3545943"/>
 <node id="7070924855" visible="true" version="4" changeset="161598386" timestamp="2025-01-21T12:21:40Z" user="marek kleciak" uid="338611" lat="27.6989870" lon="85.3549188"/>
 <node id="7070924856" visible="true" version="6" changeset="188794700" timestamp="2026-09-09T21:49:19Z" user="SpaceTracer" uid="9368502" lat="27.6991273" lon="85.3548471"/>
 <node id="7150389093" visible="true" version="3" changeset="136552261" timestamp="2023-05-25T16:53:42Z" user="marek kleciak" uid="338611" lat="27.7083399" lon="85.2826305"/>
 <node id="7257108627" visible="true" version="3" changeset="136552664" timestamp="2023-05-25T17:04:57Z" user="marek kleciak" uid="338611" lat="27.6906907" lon="85.2831134"/>
 <node id="7257108635" visible="true" version="4" changeset="136480295" timestamp="2023-05-24T05:13:24Z" user="marek kleciak" uid="338611" lat="27.6886298" lon="85.2850895"/>
 <node id="7257108636" visible="true" version="5" changeset="136480295" timestamp="2023-05-24T05:13:24Z" user="marek kleciak" uid="338611" lat="27.6885798" lon="85.2852535"/>
 <node id="7257108638" visible="true" version="2" changeset="136480295" timestamp="2023-05-24T05:13:24Z" user="marek kleciak" uid="338611" lat="27.6885089" lon="85.2856627"/>
 <node id="7257108639" visible="true" version="3" changeset="186059116" timestamp="2026-07-20T13:03:22Z" user="CraterLake1" uid="23310621" lat="27.6883292" lon="85.2869286"/>
 <node id="7257108640" visible="true" version="2" changeset="136480295" timestamp="2023-05-24T05:13:24Z" user="marek kleciak" uid="338611" lat="27.6880635" lon="85.2887266"/>
 <node id="7257108641" visible="true" version="3" changeset="136480295" timestamp="2023-05-24T05:13:24Z" user="marek kleciak" uid="338611" lat="27.6878936" lon="85.2897003"/>
 <node id="7257108642" visible="true" version="3" changeset="136480295" timestamp="2023-05-24T05:13:24Z" user="marek kleciak" uid="338611" lat="27.6876412" lon="85.2904098"/>
 <node id="7257108643" visible="true" version="3" changeset="136480295" timestamp="2023-05-24T05:13:24Z" user="marek kleciak" uid="338611" lat="27.6872464" lon="85.2910575"/>
 <node id="7257108645" visible="true" version="2" changeset="136480295" timestamp="2023-05-24T05:13:24Z" user="marek kleciak" uid="338611" lat="27.6856563" lon="85.2931578"/>
 <node id="7257108653" visible="true" version="3" changeset="136480295" timestamp="2023-05-24T05:13:24Z" user="marek kleciak" uid="338611" lat="27.6849067" lon="85.2975131"/>
 <node id="7257108654" visible="true" version="4" changeset="136480295" timestamp="2023-05-24T05:13:24Z" user="marek kleciak" uid="338611" lat="27.6848387" lon="85.2980455"/>
 <node id="7257108655" visible="true" version="4" changeset="136535654" timestamp="2023-05-25T09:45:24Z" user="marek kleciak" uid="338611" lat="27.6848156" lon="85.2982255"/>
 <node id="7312479554" visible="true" version="3" changeset="136552261" timestamp="2023-05-25T16:53:42Z" user="marek kleciak" uid="338611" lat="27.7002957" lon="85.2816681"/>
 <node id="7312479556" visible="true" version="2" changeset="136489605" timestamp="2023-05-24T09:18:52Z" user="mandira bomjan" uid="19205506" lat="27.6996358" lon="85.2816026"/>
 <node id="7772996835" visible="true" version="4" changeset="164363483" timestamp="2025-04-01T08:40:34Z" user="marek kleciak" uid="338611" lat="27.7266015" lon="85.3039037"/>
 <node id="8435846095" visible="true" version="3" changeset="136480295" timestamp="2023-05-24T05:13:24Z" user="marek kleciak" uid="338611" lat="27.6858103" lon="85.2928030"/>
 <node id="8435889425" visible="true" version="5" changeset="136480295" timestamp="2023-05-24T05:13:24Z" user="marek kleciak" uid="338611" lat="27.6885535" lon="85.2853797"/>
 <node id="8435889429" visible="true" version="2" changeset="136480295" timestamp="2023-05-24T05:13:24Z" user="marek kleciak" uid="338611" lat="27.6879821" lon="85.2892565"/>
 <node id="8435889430" visible="true" version="4" changeset="136480295" timestamp="2023-05-24T05:13:24Z" user="marek kleciak" uid="338611" lat="27.6879009" lon="85.2893414"/>
 <node id="8962128088" visible="true" version="2" changeset="136407490" timestamp="2023-05-22T10:57:14Z" user="marek kleciak" uid="338611" lat="27.6838748" lon="85.3492454"/>
 <node id="9342567912" visible="true" version="2" changeset="136855762" timestamp="2023-06-02T07:21:12Z" user="Heinz_V" uid="91490" lat="27.7057711" lon="85.3472993"/>
 <node id="9513872267" visible="true" version="3" changeset="136855762" timestamp="2023-06-02T07:21:12Z" user="Heinz_V" uid="91490" lat="27.7062321" lon="85.3502903"/>
 <node id="9529545352" visible="true" version="3" changeset="166851418" timestamp="2025-05-28T04:29:57Z" user="marek kleciak" uid="338611" lat="27.7023449" lon="85.3523957"/>
 <node id="9529709090" visible="true" version="2" changeset="136855762" timestamp="2023-06-02T07:21:12Z" user="Heinz_V" uid="91490" lat="27.7061044" lon="85.3510875"/>
 <node id="9529709099" visible="true" version="3" changeset="166851418" timestamp="2025-05-28T04:29:57Z" user="marek kleciak" uid="338611" lat="27.7026560" lon="85.3522194"/>
 <node id="9529709106" visible="true" version="3" changeset="188794700" timestamp="2026-09-09T21:49:19Z" user="SpaceTracer" uid="9368502" lat="27.7013120" lon="85.3531934"/>
 <node id="9577476432" visible="true" version="3" changeset="136480295" timestamp="2023-05-24T05:13:24Z" user="marek kleciak" uid="338611" lat="27.6853017" lon="85.2941059"/>
 <node id="9577476434" visible="true" version="3" changeset="136480295" timestamp="2023-05-24T05:13:24Z" user="marek kleciak" uid="338611" lat="27.6853772" lon="85.2937933"/>
 <node id="9577476435" visible="true" version="2" changeset="136480295" timestamp="2023-05-24T05:13:24Z" user="marek kleciak" uid="338611" lat="27.6874316" lon="85.2907880"/>
 <node id="9577476436" visible="true" version="2" changeset="136480295" timestamp="2023-05-24T05:13:24Z" user="marek kleciak" uid="338611" lat="27.6875581" lon="85.2905733"/>
 <node id="9577476437" visible="true" version="2" changeset="136480295" timestamp="2023-05-24T05:13:24Z" user="marek kleciak" uid="338611" lat="27.6877231" lon="85.2902314"/>
 <node id="9577476438" visible="true" version="2" changeset="136480295" timestamp="2023-05-24T05:13:24Z" user="marek kleciak" uid="338611" lat="27.6877854" lon="85.2900584"/>
 <node id="9577476439" visible="true" version="2" changeset="136480295" timestamp="2023-05-24T05:13:24Z" user="marek kleciak" uid="338611" lat="27.6878401" lon="85.2898746"/>
 <node id="9622793085" visible="true" version="3" changeset="188794700" timestamp="2026-09-09T21:49:19Z" user="SpaceTracer" uid="9368502" lat="27.7011476" lon="85.3533260"/>
 <node id="9662901136" visible="true" version="4" changeset="136531964" timestamp="2023-05-25T08:24:44Z" user="marek kleciak" uid="338611" lat="27.6579503" lon="85.3223896"/>
 <node id="9662901137" visible="true" version="4" changeset="136531964" timestamp="2023-05-25T08:24:44Z" user="marek kleciak" uid="338611" lat="27.6580262" lon="85.3222618"/>
 <node id="9662901138" visible="true" version="5" changeset="136531964" timestamp="2023-05-25T08:24:44Z" user="marek kleciak" uid="338611" lat="27.6601886" lon="85.3196253"/>
 <node id="9662901143" visible="true" version="3" changeset="136535654" timestamp="2023-05-25T09:45:24Z" user="marek kleciak" uid="338611" lat="27.6843875" lon="85.3012544"/>
 <node id="9662901144" visible="true" version="3" changeset="136535654" timestamp="2023-05-25T09:45:24Z" user="marek kleciak" uid="338611" lat="27.6843674" lon="85.3013618"/>
 <node id="9662901145" visible="true" version="3" changeset="136535654" timestamp="2023-05-25T09:45:24Z" user="marek kleciak" uid="338611" lat="27.6843260" lon="85.3015036"/>
 <node id="9662901146" visible="true" version="3" changeset="136535654" timestamp="2023-05-25T09:45:24Z" user="marek kleciak" uid="338611" lat="27.6842784" lon="85.3016383"/>
 <node id="9662901147" visible="true" version="3" changeset="136535654" timestamp="2023-05-25T09:45:24Z" user="marek kleciak" uid="338611" lat="27.6842003" lon="85.3017915"/>
 <node id="9662901148" visible="true" version="3" changeset="136535654" timestamp="2023-05-25T09:45:24Z" user="marek kleciak" uid="338611" lat="27.6841520" lon="85.3018728"/>
 <node id="9662901149" visible="true" version="3" changeset="136535654" timestamp="2023-05-25T09:45:24Z" user="marek kleciak" uid="338611" lat="27.6840986" lon="85.3019446"/>
 <node id="9662901150" visible="true" version="3" changeset="136535654" timestamp="2023-05-25T09:45:24Z" user="marek kleciak" uid="338611" lat="27.6840381" lon="85.3020164"/>
 <node id="9662901151" visible="true" version="3" changeset="136535654" timestamp="2023-05-25T09:45:24Z" user="marek kleciak" uid="338611" lat="27.6839879" lon="85.3020668"/>
 <node id="9662901152" visible="true" version="3" changeset="136535654" timestamp="2023-05-25T09:45:24Z" user="marek kleciak" uid="338611" lat="27.6839330" lon="85.3021128"/>
 <node id="9662901153" visible="true" version="3" changeset="136535654" timestamp="2023-05-25T09:45:24Z" user="marek kleciak" uid="338611" lat="27.6838761" lon="85.3021538"/>
 <node id="9662901154" visible="true" version="3" changeset="136535654" timestamp="2023-05-25T09:45:24Z" user="marek kleciak" uid="338611" lat="27.6838206" lon="85.3021931"/>
 <node id="9662901155" visible="true" version="3" changeset="136535654" timestamp="2023-05-25T09:45:24Z" user="marek kleciak" uid="338611" lat="27.6837638" lon="85.3022238"/>
 <node id="9662901156" visible="true" version="3" changeset="136535654" timestamp="2023-05-25T09:45:24Z" user="marek kleciak" uid="338611" lat="27.6836860" lon="85.3022577"/>
 <node id="9662901158" visible="true" version="3" changeset="136535654" timestamp="2023-05-25T09:45:24Z" user="marek kleciak" uid="338611" lat="27.6835412" lon="85.3023014"/>
 <node id="9662901161" visible="true" version="3" changeset="136535654" timestamp="2023-05-25T09:45:24Z" user="marek kleciak" uid="338611" lat="27.6834411" lon="85.3023218"/>
 <node id="9662901162" visible="true" version="3" changeset="136535654" timestamp="2023-05-25T09:45:24Z" user="marek kleciak" uid="338611" lat="27.6833264" lon="85.3023309"/>
 <node id="9662901163" visible="true" version="3" changeset="136535654" timestamp="2023-05-25T09:45:24Z" user="marek kleciak" uid="338611" lat="27.6831022" lon="85.3023369"/>
 <node id="9662901164" visible="true" version="3" changeset="136535654" timestamp="2023-05-25T09:45:24Z" user="marek kleciak" uid="338611" lat="27.6827759" lon="85.3023149"/>
 <node id="9662901165" visible="true" version="3" changeset="136535654" timestamp="2023-05-25T09:45:24Z" user="marek kleciak" uid="338611" lat="27.6823966" lon="85.3022941"/>
 <node id="9662901166" visible="true" version="3" changeset="136535654" timestamp="2023-05-25T09:45:24Z" user="marek kleciak" uid="338611" lat="27.6816638" lon="85.3022595"/>
 <node id="9662901167" visible="true" version="3" changeset="136535654" timestamp="2023-05-25T09:45:24Z" user="marek kleciak" uid="338611" lat="27.6811437" lon="85.3022397"/>
 <node id="9662901168" visible="true" version="3" changeset="136535654" timestamp="2023-05-25T09:45:24Z" user="marek kleciak" uid="338611" lat="27.6808037" lon="85.3022209"/>
 <node id="9662901169" visible="true" version="3" changeset="136535654" timestamp="2023-05-25T09:45:24Z" user="marek kleciak" uid="338611" lat="27.6799967" lon="85.3021728"/>
 <node id="9662901170" visible="true" version="3" changeset="136535654" timestamp="2023-05-25T09:45:24Z" user="marek kleciak" uid="338611" lat="27.6778994" lon="85.3020878"/>
 <node id="9662901171" visible="true" version="3" changeset="136535654" timestamp="2023-05-25T09:45:24Z" user="marek kleciak" uid="338611" lat="27.6775805" lon="85.3020755"/>
 <node id="9662901172" visible="true" version="2" changeset="136535654" timestamp="2023-05-25T09:45:24Z" user="marek kleciak" uid="338611" lat="27.6755335" lon="85.3019885"/>
 <node id="9662901173" visible="true" version="2" changeset="136535654" timestamp="2023-05-25T09:45:24Z" user="marek kleciak" uid="338611" lat="27.6753738" lon="85.3019915"/>
 <node id="9662901174" visible="true" version="2" changeset="136535654" timestamp="2023-05-25T09:45:24Z" user="marek kleciak" uid="338611" lat="27.6752122" lon="85.3020008"/>
 <node id="9662901176" visible="true" version="3" changeset="136535654" timestamp="2023-05-25T09:45:24Z" user="marek kleciak" uid="338611" lat="27.6750268" lon="85.3020177"/>
 <node id="9662901177" visible="true" version="3" changeset="136535654" timestamp="2023-05-25T09:45:24Z" user="marek kleciak" uid="338611" lat="27.6748565" lon="85.3020443"/>
 <node id="9662901180" visible="true" version="3" changeset="136534090" timestamp="2023-05-25T09:12:22Z" user="marek kleciak" uid="338611" lat="27.6743715" lon="85.3021649"/>
 <node id="9662901181" visible="true" version="4" changeset="136535654" timestamp="2023-05-25T09:45:24Z" user="marek kleciak" uid="338611" lat="27.6742526" lon="85.3022087"/>
 <node id="9662901182" visible="true" version="3" changeset="136534090" timestamp="2023-05-25T09:12:22Z" user="marek kleciak" uid="338611" lat="27.6741288" lon="85.3022602"/>
 <node id="9662901183" visible="true" version="3" changeset="136534090" timestamp="2023-05-25T09:12:22Z" user="marek kleciak" uid="338611" lat="27.6739250" lon="85.3023653"/>
 <node id="9662901185" visible="true" version="4" changeset="136535654" timestamp="2023-05-25T09:45:24Z" user="marek kleciak" uid="338611" lat="27.6737656" lon="85.3024580"/>
 <node id="9662901186" visible="true" version="4" changeset="136535654" timestamp="2023-05-25T09:45:24Z" user="marek kleciak" uid="338611" lat="27.6733908" lon="85.3027064"/>
 <node id="9662901187" visible="true" version="3" changeset="136534090" timestamp="2023-05-25T09:12:22Z" user="marek kleciak" uid="338611" lat="27.6732210" lon="85.3028391"/>
 <node id="9662901188" visible="true" version="3" changeset="136534090" timestamp="2023-05-25T09:12:22Z" user="marek kleciak" uid="338611" lat="27.6724246" lon="85.3034439"/>
 <node id="9662901189" visible="true" version="2" changeset="136533796" timestamp="2023-05-25T09:05:51Z" user="marek kleciak" uid="338611" lat="27.6704306" lon="85.3050206"/>
 <node id="9662901191" visible="true" version="3" changeset="136533796" timestamp="2023-05-25T09:05:51Z" user="marek kleciak" uid="338611" lat="27.6678833" lon="85.3070210"/>
 <node id="9662901194" visible="true" version="3" changeset="136533796" timestamp="2023-05-25T09:05:51Z" user="marek kleciak" uid="338611" lat="27.6675306" lon="85.3072799"/>
 <node id="9662901197" visible="true" version="2" changeset="136533796" timestamp="2023-05-25T09:05:51Z" user="marek kleciak" uid="338611" lat="27.6673773" lon="85.3073997"/>
 <node id="9662901198" visible="true" version="2" changeset="136533796" timestamp="2023-05-25T09:05:51Z" user="marek kleciak" uid="338611" lat="27.6672295" lon="85.3075110"/>
 <node id="9662901199" visible="true" version="2" changeset="136533463" timestamp="2023-05-25T08:58:36Z" user="marek kleciak" uid="338611" lat="27.6670285" lon="85.3076849"/>
 <node id="9662901200" visible="true" version="3" changeset="136533463" timestamp="2023-05-25T08:58:36Z" user="marek kleciak" uid="338611" lat="27.6668886" lon="85.3078499"/>
 <node id="9662901201" visible="true" version="3" changeset="136533463" timestamp="2023-05-25T08:58:36Z" user="marek kleciak" uid="338611" lat="27.6667718" lon="85.3080210"/>
 <node id="9662901202" visible="true" version="5" changeset="136533463" timestamp="2023-05-25T08:58:36Z" user="marek kleciak" uid="338611" lat="27.6667049" lon="85.3081332">
  <tag k="crossing" v="marked"/>
  <tag k="highway" v="crossing"/>
 </node>
 <node id="9662901203" visible="true" version="3" changeset="136532492" timestamp="2023-05-25T08:38:13Z" user="marek kleciak" uid="338611" lat="27.6664659" lon="85.3087796"/>
 <node id="9662901204" visible="true" version="3" changeset="136532492" timestamp="2023-05-25T08:38:13Z" user="marek kleciak" uid="338611" lat="27.6664211" lon="85.3089371"/>
 <node id="9662901205" visible="true" version="3" changeset="136532492" timestamp="2023-05-25T08:38:13Z" user="marek kleciak" uid="338611" lat="27.6663288" lon="85.3092615"/>
 <node id="9662901210" visible="true" version="4" changeset="136533463" timestamp="2023-05-25T08:58:36Z" user="marek kleciak" uid="338611" lat="27.6657151" lon="85.3113512"/>
 <node id="9662901211" visible="true" version="3" changeset="136532663" timestamp="2023-05-25T08:42:22Z" user="marek kleciak" uid="338611" lat="27.6654143" lon="85.3124256"/>
 <node id="9662901212" visible="true" version="4" changeset="136533463" timestamp="2023-05-25T08:58:36Z" user="marek kleciak" uid="338611" lat="27.6652469" lon="85.3130076"/>
 <node id="9662901213" visible="true" version="3" changeset="136532663" timestamp="2023-05-25T08:42:22Z" user="marek kleciak" uid="338611" lat="27.6652238" lon="85.3130874"/>
 <node id="9662901214" visible="true" version="3" changeset="136532663" timestamp="2023-05-25T08:42:22Z" user="marek kleciak" uid="338611" lat="27.6650696" lon="85.3134372"/>
 <node id="9662901215" visible="true" version="3" changeset="136532663" timestamp="2023-05-25T08:42:22Z" user="marek kleciak" uid="338611" lat="27.6650155" lon="85.3135497"/>
 <node id="9662901216" visible="true" version="3" changeset="136532663" timestamp="2023-05-25T08:42:22Z" user="marek kleciak" uid="338611" lat="27.6649588" lon="85.3136497"/>
 <node id="9662909517" visible="true" version="3" changeset="136532663" timestamp="2023-05-25T08:42:22Z" user="marek kleciak" uid="338611" lat="27.6648897" lon="85.3137603"/>
 <node id="9662909518" visible="true" version="3" changeset="136532663" timestamp="2023-05-25T08:42:22Z" user="marek kleciak" uid="338611" lat="27.6647537" lon="85.3139737"/>
 <node id="9662909519" visible="true" version="3" changeset="136532663" timestamp="2023-05-25T08:42:22Z" user="marek kleciak" uid="338611" lat="27.6646526" lon="85.3140995"/>
 <node id="9662909521" visible="true" version="4" changeset="136532663" timestamp="2023-05-25T08:42:22Z" user="marek kleciak" uid="338611" lat="27.6623093" lon="85.3170112"/>
 <node id="9662909524" visible="true" version="4" changeset="136532663" timestamp="2023-05-25T08:42:22Z" user="marek kleciak" uid="338611" lat="27.6618463" lon="85.3175770"/>
 <node id="9662909525" visible="true" version="4" changeset="136532663" timestamp="2023-05-25T08:42:22Z" user="marek kleciak" uid="338611" lat="27.6616154" lon="85.3178513"/>
 <node id="9662909526" visible="true" version="9" changeset="136855762" timestamp="2023-06-02T07:21:12Z" user="Heinz_V" uid="91490" lat="27.6613437" lon="85.3182187"/>
 <node id="9662909529" visible="true" version="3" changeset="136474178" timestamp="2023-05-23T21:59:09Z" user="Heinz_V" uid="91490" lat="27.6590959" lon="85.3209881"/>
 <node id="9662909532" visible="true" version="3" changeset="136535654" timestamp="2023-05-25T09:45:24Z" user="marek kleciak" uid="338611" lat="27.6836181" lon="85.3022778"/>
 <node id="9662909535" visible="true" version="3" changeset="136532492" timestamp="2023-05-25T08:38:13Z" user="marek kleciak" uid="338611" lat="27.6660663" lon="85.3101702"/>
 <node id="9662909536" visible="true" version="4" changeset="136532663" timestamp="2023-05-25T08:42:22Z" user="marek kleciak" uid="338611" lat="27.6633717" lon="85.3156739"/>
 <node id="9835564716" visible="true" version="2" changeset="188720265" timestamp="2026-09-08T12:35:15Z" user="LakeNakuru" uid="22951835" lat="27.7172423" lon="85.3465380"/>
 <node id="9835712864" visible="true" version="1" changeset="122658835" timestamp="2022-06-21T10:03:45Z" user="Ahtserhsp" uid="9385008" lat="27.7170668" lon="85.3466951"/>
 <node id="9835712865" visible="true" version="2" changeset="123940530" timestamp="2022-07-22T13:41:30Z" user="AssiniboineRiver" uid="15526701" lat="27.7171242" lon="85.3467192"/>
 <node id="9835712867" visible="true" version="4" changeset="136855762" timestamp="2023-06-02T07:21:12Z" user="Heinz_V" uid="91490" lat="27.7175145" lon="85.3467182"/>
 <node id="9835712871" visible="true" version="4" changeset="167732928" timestamp="2025-06-17T11:03:46Z" user="marek kleciak" uid="338611" lat="27.7180865" lon="85.3469224"/>
 <node id="9835741401" visible="true" version="2" changeset="123940530" timestamp="2022-07-22T13:41:30Z" user="AssiniboineRiver" uid="15526701" lat="27.7173766" lon="85.3467027"/>
 <node id="9835741403" visible="true" version="3" changeset="167732928" timestamp="2025-06-17T11:03:46Z" user="marek kleciak" uid="338611" lat="27.7179852" lon="85.3468053"/>
 <node id="9835741404" visible="true" version="3" changeset="167732928" timestamp="2025-06-17T11:03:46Z" user="marek kleciak" uid="338611" lat="27.7181376" lon="85.3468432"/>
 <node id="9838246498" visible="true" version="2" changeset="123940530" timestamp="2022-07-22T13:41:30Z" user="AssiniboineRiver" uid="15526701" lat="27.7169641" lon="85.3464965"/>
 <node id="9904122890" visible="true" version="1" changeset="123940530" timestamp="2022-07-22T13:41:30Z" user="AssiniboineRiver" uid="15526701" lat="27.7170752" lon="85.3465061"/>
 <node id="9916618351" visible="true" version="3" changeset="136533463" timestamp="2023-05-25T08:58:36Z" user="marek kleciak" uid="338611" lat="27.6667696" lon="85.3081822">
  <tag k="crossing" v="marked"/>
  <tag k="highway" v="crossing"/>
 </node>
 <node id="9931303195" visible="true" version="2" changeset="136855762" timestamp="2023-06-02T07:21:12Z" user="Heinz_V" uid="91490" lat="27.7232463" lon="85.3450663"/>
 <node id="9964770253" visible="true" version="4" changeset="173702902" timestamp="2025-10-24T07:02:03Z" user="Metauro" uid="20432920" lat="27.7269028" lon="85.3045421"/>
 <node id="9964770267" visible="true" version="4" changeset="173702902" timestamp="2025-10-24T07:02:03Z" user="Metauro" uid="20432920" lat="27.7271488" lon="85.3046538"/>
 <node id="9964770268" visible="true" version="3" changeset="164363483" timestamp="2025-04-01T08:40:34Z" user="marek kleciak" uid="338611" lat="27.7271691" lon="85.3046523"/>
 <node id="9964770269" visible="true" version="3" changeset="164363483" timestamp="2025-04-01T08:40:34Z" user="marek kleciak" uid="338611" lat="27.7272111" lon="85.3047167"/>
 <node id="9964770275" visible="true" version="2" changeset="136544013" timestamp="2023-05-25T13:19:37Z" user="marek kleciak" uid="338611" lat="27.7332326" lon="85.3053916"/>
 <node id="9964770276" visible="true" version="3" changeset="136544013" timestamp="2023-05-25T13:19:37Z" user="marek kleciak" uid="338611" lat="27.7321299" lon="85.3053747"/>
 <node id="9964770278" visible="true" version="2" changeset="130021455" timestamp="2022-12-13T05:54:07Z" user="OlushandjaDam" uid="16528266" lat="27.7351782" lon="85.3057775"/>
 <node id="9964770279" visible="true" version="2" changeset="130021455" timestamp="2022-12-13T05:54:07Z" user="OlushandjaDam" uid="16528266" lat="27.7352245" lon="85.3058325"/>
 <node id="9964770280" visible="true" version="2" changeset="130021455" timestamp="2022-12-13T05:54:07Z" user="OlushandjaDam" uid="16528266" lat="27.7353823" lon="85.3061423"/>
 <node id="9964770281" visible="true" version="2" changeset="130021455" timestamp="2022-12-13T05:54:07Z" user="OlushandjaDam" uid="16528266" lat="27.7350939" lon="85.3056997"/>
 <node id="9964770282" visible="true" version="2" changeset="130021455" timestamp="2022-12-13T05:54:07Z" user="OlushandjaDam" uid="16528266" lat="27.7350298" lon="85.3056554"/>
 <node id="9964770284" visible="true" version="2" changeset="130021455" timestamp="2022-12-13T05:54:07Z" user="OlushandjaDam" uid="16528266" lat="27.7349016" lon="85.3055723"/>
 <node id="9964770285" visible="true" version="2" changeset="130021455" timestamp="2022-12-13T05:54:07Z" user="OlushandjaDam" uid="16528266" lat="27.7348292" lon="85.3055294"/>
 <node id="9964770286" visible="true" version="1" changeset="125126817" timestamp="2022-08-19T21:11:17Z" user="marek kleciak" uid="338611" lat="27.7346893" lon="85.3054756"/>
 <node id="9964770287" visible="true" version="1" changeset="125126817" timestamp="2022-08-19T21:11:17Z" user="marek kleciak" uid="338611" lat="27.7345933" lon="85.3054581"/>
 <node id="9964770288" visible="true" version="1" changeset="125126817" timestamp="2022-08-19T21:11:17Z" user="marek kleciak" uid="338611" lat="27.7344831" lon="85.3054439"/>
 <node id="9964770289" visible="true" version="2" changeset="136544013" timestamp="2023-05-25T13:19:37Z" user="marek kleciak" uid="338611" lat="27.7343631" lon="85.3054297"/>
 <node id="9964770299" visible="true" version="2" changeset="136544013" timestamp="2023-05-25T13:19:37Z" user="marek kleciak" uid="338611" lat="27.7318909" lon="85.3053663"/>
 <node id="9964770309" visible="true" version="2" changeset="136544013" timestamp="2023-05-25T13:19:37Z" user="marek kleciak" uid="338611" lat="27.7291328" lon="85.3053172"/>
 <node id="9964770310" visible="true" version="3" changeset="167738451" timestamp="2025-06-17T13:18:42Z" user="marek kleciak" uid="338611" lat="27.7286878" lon="85.3053097"/>
 <node id="9964770311" visible="true" version="3" changeset="167738451" timestamp="2025-06-17T13:18:42Z" user="marek kleciak" uid="338611" lat="27.7283149" lon="85.3052986"/>
 <node id="9964778021" visible="true" version="3" changeset="167738451" timestamp="2025-06-17T13:18:42Z" user="marek kleciak" uid="338611" lat="27.7281884" lon="85.3052875"/>
 <node id="9964778025" visible="true" version="4" changeset="164363483" timestamp="2025-04-01T08:40:34Z" user="marek kleciak" uid="338611" lat="27.7273655" lon="85.3048715">
  <tag k="highway" v="crossing"/>
 </node>
 <node id="9964778026" visible="true" version="4" changeset="164363483" timestamp="2025-04-01T08:40:34Z" user="marek kleciak" uid="338611" lat="27.7273126" lon="85.3049392">
  <tag k="highway" v="crossing"/>
 </node>
 <node id="9964887929" visible="true" version="2" changeset="136544013" timestamp="2023-05-25T13:19:37Z" user="marek kleciak" uid="338611" lat="27.7219860" lon="85.2917657"/>
 <node id="9964887957" visible="true" version="2" changeset="167491234" timestamp="2025-06-11T13:11:20Z" user="marek kleciak" uid="338611" lat="27.7242492" lon="85.2964207"/>
 <node id="9991255779" visible="true" version="2" changeset="136442449" timestamp="2023-05-23T07:32:05Z" user="marek kleciak" uid="338611" lat="27.6933589" lon="85.2816289"/>
 <node id="9991255781" visible="true" version="3" changeset="136552664" timestamp="2023-05-25T17:04:57Z" user="marek kleciak" uid="338611" lat="27.6904114" lon="85.2833986"/>
 <node id="9991255782" visible="true" version="3" changeset="136552664" timestamp="2023-05-25T17:04:57Z" user="marek kleciak" uid="338611" lat="27.6907271" lon="85.2831809"/>
 <node id="9991255783" visible="true" version="3" changeset="136552664" timestamp="2023-05-25T17:04:57Z" user="marek kleciak" uid="338611" lat="27.6915124" lon="85.2826331"/>
 <node id="9991255784" visible="true" version="3" changeset="136552664" timestamp="2023-05-25T17:04:57Z" user="marek kleciak" uid="338611" lat="27.6926826" lon="85.2818889"/>
 <node id="9991255786" visible="true" version="3" changeset="136552664" timestamp="2023-05-25T17:04:57Z" user="marek kleciak" uid="338611" lat="27.6927586" lon="85.2818571"/>
 <node id="9991255787" visible="true" version="3" changeset="136552664" timestamp="2023-05-25T17:04:57Z" user="marek kleciak" uid="338611" lat="27.6931586" lon="85.2817430"/>
 <node id="9991255788" visible="true" version="2" changeset="136442449" timestamp="2023-05-23T07:32:05Z" user="marek kleciak" uid="338611" lat="27.6938121" lon="85.2816844"/>
 <node id="9991255789" visible="true" version="2" changeset="136442449" timestamp="2023-05-23T07:32:05Z" user="marek kleciak" uid="338611" lat="27.6942400" lon="85.2816468"/>
 <node id="9991255790" visible="true" version="2" changeset="136552664" timestamp="2023-05-25T17:04:57Z" user="marek kleciak" uid="338611" lat="27.6958649" lon="85.2815751"/>
 <node id="9991255791" visible="true" version="3" changeset="136552664" timestamp="2023-05-25T17:04:57Z" user="marek kleciak" uid="338611" lat="27.6973005" lon="85.2815094"/>
 <node id="9991255792" visible="true" version="3" changeset="136552261" timestamp="2023-05-25T16:53:42Z" user="marek kleciak" uid="338611" lat="27.6980213" lon="85.2814759"/>
 <node id="9991255793" visible="true" version="3" changeset="136552664" timestamp="2023-05-25T17:04:57Z" user="marek kleciak" uid="338611" lat="27.6969248" lon="85.2815169"/>
 <node id="9991255794" visible="true" version="2" changeset="136442449" timestamp="2023-05-23T07:32:05Z" user="marek kleciak" uid="338611" lat="27.6934211" lon="85.2817201"/>
 <node id="9991255795" visible="true" version="3" changeset="136480295" timestamp="2023-05-24T05:13:24Z" user="marek kleciak" uid="338611" lat="27.6901045" lon="85.2836085"/>
 <node id="9991255796" visible="true" version="3" changeset="136480295" timestamp="2023-05-24T05:13:24Z" user="marek kleciak" uid="338611" lat="27.6895618" lon="85.2839756"/>
 <node id="9992874719" visible="true" version="2" changeset="188393951" timestamp="2026-09-01T23:53:40Z" user="SpaceTracer" uid="9368502" lat="27.6789303" lon="85.3495283">
  <tag k="crossing" v="marked"/>
  <tag k="highway" v="crossing"/>
 </node>
 <node id="9992874720" visible="true" version="2" changeset="188393951" timestamp="2026-09-01T23:53:40Z" user="SpaceTracer" uid="9368502" lat="27.6789300" lon="85.3496773">
  <tag k="crossing" v="marked"/>
  <tag k="highway" v="crossing"/>
 </node>
 <node id="9998042570" visible="true" version="3" changeset="163451134" timestamp="2025-03-10T16:48:28Z" user="VLD288" uid="21820390" lat="27.6838010" lon="85.3491883">
  <tag k="crossing" v="marked"/>
  <tag k="crossing:markings" v="zebra"/>
  <tag k="highway" v="crossing"/>
 </node>
 <node id="9998042571" visible="true" version="3" changeset="163451134" timestamp="2025-03-10T16:48:28Z" user="VLD288" uid="21820390" lat="27.6834619" lon="85.3494055">
  <tag k="crossing" v="unmarked"/>
  <tag k="highway" v="crossing"/>
 </node>
 <node id="9999898014" visible="true" version="2" changeset="136535654" timestamp="2023-05-25T09:45:24Z" user="marek kleciak" uid="338611" lat="27.6791638" lon="85.3022282"/>
 <node id="9999898015" visible="true" version="2" changeset="136535654" timestamp="2023-05-25T09:45:24Z" user="marek kleciak" uid="338611" lat="27.6798623" lon="85.3022556"/>
 <node id="9999898016" visible="true" version="2" changeset="136535654" timestamp="2023-05-25T09:45:24Z" user="marek kleciak" uid="338611" lat="27.6804586" lon="85.3022612"/>
 <node id="9999912918" visible="true" version="2" changeset="136535654" timestamp="2023-05-25T09:45:24Z" user="marek kleciak" uid="338611" lat="27.6811821" lon="85.3023100"/>
 <node id="9999912919" visible="true" version="2" changeset="136535654" timestamp="2023-05-25T09:45:24Z" user="marek kleciak" uid="338611" lat="27.6815725" lon="85.3023291"/>
 <node id="9999912949" visible="true" version="2" changeset="136535654" timestamp="2023-05-25T09:45:24Z" user="marek kleciak" uid="338611" lat="27.6787263" lon="85.3021297"/>
 <node id="9999912950" visible="true" version="2" changeset="136535654" timestamp="2023-05-25T09:45:24Z" user="marek kleciak" uid="338611" lat="27.6818913" lon="85.3023477"/>
 <node id="9999912951" visible="true" version="2" changeset="136535654" timestamp="2023-05-25T09:45:24Z" user="marek kleciak" uid="338611" lat="27.6828908" lon="85.3023881"/>
 <node id="9999912952" visible="true" version="2" changeset="136535654" timestamp="2023-05-25T09:45:24Z" user="marek kleciak" uid="338611" lat="27.6833589" lon="85.3024141"/>
 <node id="9999912953" visible="true" version="2" changeset="136535654" timestamp="2023-05-25T09:45:24Z" user="marek kleciak" uid="338611" lat="27.6835209" lon="85.3023970"/>
 <node id="9999912954" visible="true" version="2" changeset="136535654" timestamp="2023-05-25T09:45:24Z" user="marek kleciak" uid="338611" lat="27.6836618" lon="85.3023554"/>
 <node id="9999912955" visible="true" version="2" changeset="136535654" timestamp="2023-05-25T09:45:24Z" user="marek kleciak" uid="338611" lat="27.6837979" lon="85.3022968"/>
 <node id="9999912956" visible="true" version="4" changeset="136535654" timestamp="2023-05-25T09:45:24Z" user="marek kleciak" uid="338611" lat="27.6845933" lon="85.3001447"/>
 <node id="9999912957" visible="true" version="2" changeset="136535654" timestamp="2023-05-25T09:45:24Z" user="marek kleciak" uid="338611" lat="27.6839247" lon="85.3022266"/>
 <node id="9999912958" visible="true" version="2" changeset="136535654" timestamp="2023-05-25T09:45:24Z" user="marek kleciak" uid="338611" lat="27.6841205" lon="85.3020392"/>
 <node id="9999912959" visible="true" version="2" changeset="136535654" timestamp="2023-05-25T09:45:24Z" user="marek kleciak" uid="338611" lat="27.6842584" lon="85.3018515"/>
 <node id="9999912960" visible="true" version="2" changeset="136535654" timestamp="2023-05-25T09:45:24Z" user="marek kleciak" uid="338611" lat="27.6843401" lon="85.3016899"/>
 <node id="9999912961" visible="true" version="2" changeset="136535654" timestamp="2023-05-25T09:45:24Z" user="marek kleciak" uid="338611" lat="27.6844248" lon="85.3014502"/>
 <node id="9999912962" visible="true" version="2" changeset="136535654" timestamp="2023-05-25T09:45:24Z" user="marek kleciak" uid="338611" lat="27.6844689" lon="85.3011896"/>
 <node id="9999912963" visible="true" version="2" changeset="136535654" timestamp="2023-05-25T09:45:24Z" user="marek kleciak" uid="338611" lat="27.6844847" lon="85.3010633"/>
 <node id="9999912977" visible="true" version="2" changeset="136535654" timestamp="2023-05-25T09:45:24Z" user="marek kleciak" uid="338611" lat="27.6818438" lon="85.3022674"/>
 <node id="9999912978" visible="true" version="2" changeset="136535654" timestamp="2023-05-25T09:45:24Z" user="marek kleciak" uid="338611" lat="27.6820376" lon="85.3023543"/>
 <node id="9999912987" visible="true" version="4" changeset="157594255" timestamp="2024-10-07T18:22:33Z" user="VormaCanal" uid="18561486" lat="27.6894041" lon="85.2840793"/>
 <node id="9999912993" visible="true" version="2" changeset="136480295" timestamp="2023-05-24T05:13:24Z" user="marek kleciak" uid="338611" lat="27.6886798" lon="85.2849696"/>
 <node id="9999912994" visible="true" version="2" changeset="136480295" timestamp="2023-05-24T05:13:24Z" user="marek kleciak" uid="338611" lat="27.6887417" lon="85.2848460"/>
 <node id="9999912995" visible="true" version="2" changeset="136480295" timestamp="2023-05-24T05:13:24Z" user="marek kleciak" uid="338611" lat="27.6888160" lon="85.2847135"/>
 <node id="9999912996" visible="true" version="2" changeset="136480295" timestamp="2023-05-24T05:13:24Z" user="marek kleciak" uid="338611" lat="27.6888994" lon="85.2845830"/>
 <node id="9999912997" visible="true" version="2" changeset="136480295" timestamp="2023-05-24T05:13:24Z" user="marek kleciak" uid="338611" lat="27.6890225" lon="85.2844279"/>
 <node id="9999912998" visible="true" version="2" changeset="136480295" timestamp="2023-05-24T05:13:24Z" user="marek kleciak" uid="338611" lat="27.6891392" lon="85.2843009"/>
 <node id="9999912999" visible="true" version="2" changeset="136480295" timestamp="2023-05-24T05:13:24Z" user="marek kleciak" uid="338611" lat="27.6892434" lon="85.2841986"/>
 <node id="9999913024" visible="true" version="3" changeset="136480295" timestamp="2023-05-24T05:13:24Z" user="marek kleciak" uid="338611" lat="27.6852517" lon="85.2945223"/>
 <node id="10015413476" visible="true" version="2" changeset="136552261" timestamp="2023-05-25T16:53:42Z" user="marek kleciak" uid="338611" lat="27.7035831" lon="85.2820579"/>
 <node id="10044284710" visible="true" version="2" changeset="136855762" timestamp="2023-06-02T07:21:12Z" user="Heinz_V" uid="91490" lat="27.7367505" lon="85.3229580"/>
 <node id="10060729110" visible="true" version="1" changeset="126776588" timestamp="2022-09-29T11:44:57Z" user="SBJC" uid="8559089" lat="27.6813295" lon="85.3494661"/>
 <node id="10060729112" visible="true" version="2" changeset="136407490" timestamp="2023-05-22T10:57:14Z" user="marek kleciak" uid="338611" lat="27.6821914" lon="85.3493881"/>
 <node id="10063869400" visible="true" version="5" changeset="167730410" timestamp="2025-06-17T09:56:47Z" user="marek kleciak" uid="338611" lat="27.7379190" lon="85.3403526"/>
 <node id="10116117088" visible="true" version="2" changeset="136552261" timestamp="2023-05-25T16:53:42Z" user="marek kleciak" uid="338611" lat="27.6992547" lon="85.2815591"/>
 <node id="10228012354" visible="true" version="2" changeset="136480295" timestamp="2023-05-24T05:13:24Z" user="marek kleciak" uid="338611" lat="27.6879640" lon="85.2889662"/>
 <node id="10272855693" visible="true" version="3" changeset="167730410" timestamp="2025-06-17T09:56:47Z" user="marek kleciak" uid="338611" lat="27.7331479" lon="85.3434463"/>
 <node id="10272855703" visible="true" version="3" changeset="167726927" timestamp="2025-06-17T08:23:49Z" user="marek kleciak" uid="338611" lat="27.7299535" lon="85.3454727"/>
 <node id="10272855704" visible="true" version="4" changeset="167726927" timestamp="2025-06-17T08:23:49Z" user="marek kleciak" uid="338611" lat="27.7302561" lon="85.3452890"/>
 <node id="10272855706" visible="true" version="3" changeset="167730410" timestamp="2025-06-17T09:56:47Z" user="marek kleciak" uid="338611" lat="27.7325983" lon="85.3437985"/>
 <node id="10272855708" visible="true" version="4" changeset="167730410" timestamp="2025-06-17T09:56:47Z" user="marek kleciak" uid="338611" lat="27.7336088" lon="85.3431512"/>
 <node id="10586095272" visible="true" version="3" changeset="167730410" timestamp="2025-06-17T09:56:47Z" user="marek kleciak" uid="338611" lat="27.7357372" lon="85.3418001"/>
 <node id="10590405985" visible="true" version="3" changeset="136837872" timestamp="2023-06-01T16:18:45Z" user="Heinz_V" uid="91490" lat="27.7313943" lon="85.3053422"/>
 <node id="10765833208" visible="true" version="3" changeset="136829478" timestamp="2023-06-01T12:36:41Z" user="Heinz_V" uid="91490" lat="27.6849170" lon="85.2973064"/>
 <node id="10918103024" visible="true" version="1" changeset="136407490" timestamp="2023-05-22T10:57:14Z" user="marek kleciak" uid="338611" lat="27.6863099" lon="85.3499468"/>
 <node id="10918103025" visible="true" version="1" changeset="136407490" timestamp="2023-05-22T10:57:14Z" user="marek kleciak" uid="338611" lat="27.6861433" lon="85.3498605"/>
 <node id="10918103026" visible="true" version="1" changeset="136407490" timestamp="2023-05-22T10:57:14Z" user="marek kleciak" uid="338611" lat="27.6859894" lon="85.3497848"/>
 <node id="10918103027" visible="true" version="1" changeset="136407490" timestamp="2023-05-22T10:57:14Z" user="marek kleciak" uid="338611" lat="27.6858472" lon="85.3497189"/>
 <node id="10918103028" visible="true" version="1" changeset="136407490" timestamp="2023-05-22T10:57:14Z" user="marek kleciak" uid="338611" lat="27.6857158" lon="85.3496620"/>
 <node id="10918103029" visible="true" version="1" changeset="136407490" timestamp="2023-05-22T10:57:14Z" user="marek kleciak" uid="338611" lat="27.6855945" lon="85.3496132"/>
 <node id="10918103030" visible="true" version="1" changeset="136407490" timestamp="2023-05-22T10:57:14Z" user="marek kleciak" uid="338611" lat="27.6854822" lon="85.3495715"/>
 <node id="10918103031" visible="true" version="1" changeset="136407490" timestamp="2023-05-22T10:57:14Z" user="marek kleciak" uid="338611" lat="27.6853782" lon="85.3495362"/>
 <node id="10918103032" visible="true" version="1" changeset="136407490" timestamp="2023-05-22T10:57:14Z" user="marek kleciak" uid="338611" lat="27.6852815" lon="85.3495064"/>
 <node id="10918103033" visible="true" version="1" changeset="136407490" timestamp="2023-05-22T10:57:14Z" user="marek kleciak" uid="338611" lat="27.6851913" lon="85.3494812"/>
 <node id="10918103034" visible="true" version="1" changeset="136407490" timestamp="2023-05-22T10:57:14Z" user="marek kleciak" uid="338611" lat="27.6851067" lon="85.3494598"/>
 <node id="10918103035" visible="true" version="1" changeset="136407490" timestamp="2023-05-22T10:57:14Z" user="marek kleciak" uid="338611" lat="27.6848793" lon="85.3494109"/>
 <node id="10918103036" visible="true" version="1" changeset="136407490" timestamp="2023-05-22T10:57:14Z" user="marek kleciak" uid="338611" lat="27.6847453" lon="85.3493889"/>
 <node id="10918103037" visible="true" version="1" changeset="136407490" timestamp="2023-05-22T10:57:14Z" user="marek kleciak" uid="338611" lat="27.6846210" lon="85.3493732"/>
 <node id="10918103038" visible="true" version="1" changeset="136407490" timestamp="2023-05-22T10:57:14Z" user="marek kleciak" uid="338611" lat="27.6845024" lon="85.3493624"/>
 <node id="10918103039" visible="true" version="1" changeset="136407490" timestamp="2023-05-22T10:57:14Z" user="marek kleciak" uid="338611" lat="27.6843267" lon="85.3493514"/>
 <node id="10918103040" visible="true" version="1" changeset="136407490" timestamp="2023-05-22T10:57:14Z" user="marek kleciak" uid="338611" lat="27.6850268" lon="85.3494412"/>
 <node id="10918280101" visible="true" version="2" changeset="188393951" timestamp="2026-09-01T23:53:40Z" user="SpaceTracer" uid="9368502" lat="27.6786120" lon="85.3492724">
  <tag k="highway" v="crossing"/>
 </node>
 <node id="10919851259" visible="true" version="1" changeset="136425085" timestamp="2023-05-22T17:58:02Z" user="marek kleciak" uid="338611" lat="27.6739914" lon="85.3427021"/>
 <node id="10919851261" visible="true" version="1" changeset="136425085" timestamp="2023-05-22T17:58:02Z" user="marek kleciak" uid="338611" lat="27.6744403" lon="85.3431407"/>
 <node id="10919851263" visible="true" version="1" changeset="136425085" timestamp="2023-05-22T17:58:02Z" user="marek kleciak" uid="338611" lat="27.6746636" lon="85.3433633"/>
 <node id="10920763670" visible="true" version="1" changeset="136437352" timestamp="2023-05-23T04:31:42Z" user="marek kleciak" uid="338611" lat="27.6713238" lon="85.3401084"/>
 <node id="10920937922" visible="true" version="1" changeset="136438379" timestamp="2023-05-23T05:30:23Z" user="marek kleciak" uid="338611" lat="27.6833559" lon="85.3491300"/>
 <node id="10921097923" visible="true" version="2" changeset="136552664" timestamp="2023-05-25T17:04:57Z" user="marek kleciak" uid="338611" lat="27.6976285" lon="85.2813895"/>
 <node id="10921097927" visible="true" version="2" changeset="136552664" timestamp="2023-05-25T17:04:57Z" user="marek kleciak" uid="338611" lat="27.6928906" lon="85.2818039"/>
 <node id="10921097928" visible="true" version="2" changeset="136552664" timestamp="2023-05-25T17:04:57Z" user="marek kleciak" uid="338611" lat="27.6930414" lon="85.2817623"/>
 <node id="10921097929" visible="true" version="1" changeset="136442449" timestamp="2023-05-23T07:32:05Z" user="marek kleciak" uid="338611" lat="27.6936328" lon="85.2816121"/>
 <node id="10921100868" visible="true" version="2" changeset="136552664" timestamp="2023-05-25T17:04:57Z" user="marek kleciak" uid="338611" lat="27.6912198" lon="85.2828392"/>
 <node id="10921122122" visible="true" version="1" changeset="136443413" timestamp="2023-05-23T07:59:51Z" user="marek kleciak" uid="338611" lat="27.6667351" lon="85.3321833">
  <tag k="highway" v="crossing"/>
 </node>
 <node id="10921122123" visible="true" version="1" changeset="136443413" timestamp="2023-05-23T07:59:51Z" user="marek kleciak" uid="338611" lat="27.6666918" lon="85.3322536">
  <tag k="highway" v="crossing"/>
 </node>
 <node id="10921122127" visible="true" version="1" changeset="136443413" timestamp="2023-05-23T07:59:51Z" user="marek kleciak" uid="338611" lat="27.6665840" lon="85.3320512">
  <tag k="highway" v="crossing"/>
 </node>
 <node id="10921122128" visible="true" version="1" changeset="136443413" timestamp="2023-05-23T07:59:51Z" user="marek kleciak" uid="338611" lat="27.6665378" lon="85.3321249">
  <tag k="highway" v="crossing"/>
 </node>
 <node id="10921622128" visible="true" version="3" changeset="171344754" timestamp="2025-09-02T06:32:23Z" user="marek kleciak" uid="338611" lat="27.7060159" lon="85.3458659"/>
 <node id="10922193196" visible="true" version="3" changeset="138217554" timestamp="2023-07-07T07:56:15Z" user="Manoj Thapa" uid="781054" lat="27.6587024" lon="85.3247400">
  <tag k="junction" v="yes"/>
  <tag k="name" v="Satdobato"/>
  <tag k="name:en" v="Satdobato Chowk सात दोबाटो चोक ८६६७"/>
  <tag k="operator" v="नेपाल सरकार सडक विभाग।"/>
  <tag k="public_transport" v="stop_position"/>
 </node>
 <node id="10922193197" visible="true" version="1" changeset="136467625" timestamp="2023-05-23T18:05:31Z" user="marek kleciak" uid="338611" lat="27.6584126" lon="85.3242421"/>
 <node id="10922193198" visible="true" version="1" changeset="136467625" timestamp="2023-05-23T18:05:31Z" user="marek kleciak" uid="338611" lat="27.6581118" lon="85.3237328"/>
 <node id="10922193199" visible="true" version="1" changeset="136467625" timestamp="2023-05-23T18:05:31Z" user="marek kleciak" uid="338611" lat="27.6580249" lon="85.3235758"/>
 <node id="10922193200" visible="true" version="1" changeset="136467625" timestamp="2023-05-23T18:05:31Z" user="marek kleciak" uid="338611" lat="27.6579848" lon="85.3234980"/>
 <node id="10922193202" visible="true" version="1" changeset="136467625" timestamp="2023-05-23T18:05:31Z" user="marek kleciak" uid="338611" lat="27.6579158" lon="85.3233488"/>
 <node id="10922193203" visible="true" version="1" changeset="136467625" timestamp="2023-05-23T18:05:31Z" user="marek kleciak" uid="338611" lat="27.6578889" lon="85.3232793"/>
 <node id="10922193204" visible="true" version="1" changeset="136467625" timestamp="2023-05-23T18:05:31Z" user="marek kleciak" uid="338611" lat="27.6578534" lon="85.3231521"/>
 <node id="10922205070" visible="true" version="1" changeset="136467651" timestamp="2023-05-23T18:06:41Z" user="marek kleciak" uid="338611" lat="27.6632582" lon="85.3294295"/>
 <node id="10922205071" visible="true" version="1" changeset="136467651" timestamp="2023-05-23T18:06:41Z" user="marek kleciak" uid="338611" lat="27.6614791" lon="85.3279639"/>
 <node id="10922205072" visible="true" version="1" changeset="136467651" timestamp="2023-05-23T18:06:41Z" user="marek kleciak" uid="338611" lat="27.6608528" lon="85.3274439"/>
 <node id="10922205073" visible="true" version="1" changeset="136467651" timestamp="2023-05-23T18:06:41Z" user="marek kleciak" uid="338611" lat="27.6605046" lon="85.3271587"/>
 <node id="10922205074" visible="true" version="1" changeset="136467651" timestamp="2023-05-23T18:06:41Z" user="marek kleciak" uid="338611" lat="27.6604145" lon="85.3270824"/>
 <node id="10922205075" visible="true" version="1" changeset="136467651" timestamp="2023-05-23T18:06:41Z" user="marek kleciak" uid="338611" lat="27.6603213" lon="85.3270008"/>
 <node id="10922205076" visible="true" version="1" changeset="136467651" timestamp="2023-05-23T18:06:41Z" user="marek kleciak" uid="338611" lat="27.6602260" lon="85.3269141"/>
 <node id="10922205077" visible="true" version="1" changeset="136467651" timestamp="2023-05-23T18:06:41Z" user="marek kleciak" uid="338611" lat="27.6601292" lon="85.3268223"/>
 <node id="10922205078" visible="true" version="1" changeset="136467651" timestamp="2023-05-23T18:06:41Z" user="marek kleciak" uid="338611" lat="27.6600316" lon="85.3267255"/>
 <node id="10922205079" visible="true" version="1" changeset="136467651" timestamp="2023-05-23T18:06:41Z" user="marek kleciak" uid="338611" lat="27.6599340" lon="85.3266239"/>
 <node id="10922205080" visible="true" version="1" changeset="136467651" timestamp="2023-05-23T18:06:41Z" user="marek kleciak" uid="338611" lat="27.6598372" lon="85.3265173"/>
 <node id="10922205081" visible="true" version="1" changeset="136467651" timestamp="2023-05-23T18:06:41Z" user="marek kleciak" uid="338611" lat="27.6597418" lon="85.3264060"/>
 <node id="10922205082" visible="true" version="1" changeset="136467651" timestamp="2023-05-23T18:06:41Z" user="marek kleciak" uid="338611" lat="27.6596487" lon="85.3262900"/>
 <node id="10922205083" visible="true" version="1" changeset="136467651" timestamp="2023-05-23T18:06:41Z" user="marek kleciak" uid="338611" lat="27.6595585" lon="85.3261694"/>
 <node id="10922205084" visible="true" version="1" changeset="136467651" timestamp="2023-05-23T18:06:41Z" user="marek kleciak" uid="338611" lat="27.6593900" lon="85.3259182"/>
 <node id="10922205085" visible="true" version="1" changeset="136467651" timestamp="2023-05-23T18:06:41Z" user="marek kleciak" uid="338611" lat="27.6592403" lon="85.3256782"/>
 <node id="10922205086" visible="true" version="1" changeset="136467651" timestamp="2023-05-23T18:06:41Z" user="marek kleciak" uid="338611" lat="27.6591737" lon="85.3255671"/>
 <node id="10922205087" visible="true" version="1" changeset="136467651" timestamp="2023-05-23T18:06:41Z" user="marek kleciak" uid="338611" lat="27.6590593" lon="85.3253697"/>
 <node id="10922205088" visible="true" version="1" changeset="136467651" timestamp="2023-05-23T18:06:41Z" user="marek kleciak" uid="338611" lat="27.6589730" lon="85.3252148"/>
 <node id="10922205089" visible="true" version="1" changeset="136467651" timestamp="2023-05-23T18:06:41Z" user="marek kleciak" uid="338611" lat="27.6594721" lon="85.3260443"/>
 <node id="10922205090" visible="true" version="1" changeset="136467651" timestamp="2023-05-23T18:06:41Z" user="marek kleciak" uid="338611" lat="27.6588996" lon="85.3250773"/>
 <node id="10922217137" visible="true" version="1" changeset="136467362" timestamp="2023-05-23T17:57:09Z" user="marek kleciak" uid="338611" lat="27.6720804" lon="85.3408366"/>
 <node id="10922217138" visible="true" version="1" changeset="136467362" timestamp="2023-05-23T17:57:09Z" user="marek kleciak" uid="338611" lat="27.6718951" lon="85.3406516"/>
 <node id="10922217139" visible="true" version="1" changeset="136467362" timestamp="2023-05-23T17:57:09Z" user="marek kleciak" uid="338611" lat="27.6717288" lon="85.3404759"/>
 <node id="10922217140" visible="true" version="1" changeset="136467362" timestamp="2023-05-23T17:57:09Z" user="marek kleciak" uid="338611" lat="27.6715483" lon="85.3402680"/>
 <node id="10922217141" visible="true" version="1" changeset="136467362" timestamp="2023-05-23T17:57:09Z" user="marek kleciak" uid="338611" lat="27.6714259" lon="85.3401138"/>
 <node id="10922217142" visible="true" version="1" changeset="136467362" timestamp="2023-05-23T17:57:09Z" user="marek kleciak" uid="338611" lat="27.6712585" lon="85.3398938"/>
 <node id="10922217143" visible="true" version="1" changeset="136467362" timestamp="2023-05-23T17:57:09Z" user="marek kleciak" uid="338611" lat="27.6710708" lon="85.3396136"/>
 <node id="10922217144" visible="true" version="1" changeset="136467362" timestamp="2023-05-23T17:57:09Z" user="marek kleciak" uid="338611" lat="27.6708808" lon="85.3392836"/>
 <node id="10922217145" visible="true" version="1" changeset="136467362" timestamp="2023-05-23T17:57:09Z" user="marek kleciak" uid="338611" lat="27.6707109" lon="85.3389832"/>
 <node id="10922217146" visible="true" version="1" changeset="136467362" timestamp="2023-05-23T17:57:09Z" user="marek kleciak" uid="338611" lat="27.6703499" lon="85.3382993"/>
 <node id="10922217147" visible="true" version="1" changeset="136467362" timestamp="2023-05-23T17:57:09Z" user="marek kleciak" uid="338611" lat="27.6697204" lon="85.3371191"/>
 <node id="10922217148" visible="true" version="1" changeset="136467362" timestamp="2023-05-23T17:57:09Z" user="marek kleciak" uid="338611" lat="27.6690980" lon="85.3359523"/>
 <node id="10922217149" visible="true" version="1" changeset="136467362" timestamp="2023-05-23T17:57:09Z" user="marek kleciak" uid="338611" lat="27.6687072" lon="85.3352188"/>
 <node id="10922217150" visible="true" version="1" changeset="136467362" timestamp="2023-05-23T17:57:09Z" user="marek kleciak" uid="338611" lat="27.6682974" lon="85.3344490"/>
 <node id="10922217151" visible="true" version="1" changeset="136467362" timestamp="2023-05-23T17:57:09Z" user="marek kleciak" uid="338611" lat="27.6680112" lon="85.3339085"/>
 <node id="10922217152" visible="true" version="1" changeset="136467362" timestamp="2023-05-23T17:57:09Z" user="marek kleciak" uid="338611" lat="27.6678247" lon="85.3335652"/>
 <node id="10922217153" visible="true" version="1" changeset="136467362" timestamp="2023-05-23T17:57:09Z" user="marek kleciak" uid="338611" lat="27.6676976" lon="85.3333318"/>
 <node id="10922217154" visible="true" version="1" changeset="136467362" timestamp="2023-05-23T17:57:09Z" user="marek kleciak" uid="338611" lat="27.6676062" lon="85.3331776"/>
 <node id="10922217155" visible="true" version="1" changeset="136467362" timestamp="2023-05-23T17:57:09Z" user="marek kleciak" uid="338611" lat="27.6675242" lon="85.3330542"/>
 <node id="10922217156" visible="true" version="1" changeset="136467362" timestamp="2023-05-23T17:57:09Z" user="marek kleciak" uid="338611" lat="27.6674233" lon="85.3329054"/>
 <node id="10922217157" visible="true" version="1" changeset="136467362" timestamp="2023-05-23T17:57:09Z" user="marek kleciak" uid="338611" lat="27.6673354" lon="85.3327927"/>
 <node id="10922217158" visible="true" version="1" changeset="136467362" timestamp="2023-05-23T17:57:09Z" user="marek kleciak" uid="338611" lat="27.6671833" lon="85.3326184"/>
 <node id="10922217159" visible="true" version="1" changeset="136467362" timestamp="2023-05-23T17:57:09Z" user="marek kleciak" uid="338611" lat="27.6669731" lon="85.3323998"/>
 <node id="10922217160" visible="true" version="1" changeset="136467362" timestamp="2023-05-23T17:57:09Z" user="marek kleciak" uid="338611" lat="27.6668816" lon="85.3323126"/>
 <node id="10922217161" visible="true" version="1" changeset="136467362" timestamp="2023-05-23T17:57:09Z" user="marek kleciak" uid="338611" lat="27.6661428" lon="85.3316957"/>
 <node id="10922217162" visible="true" version="1" changeset="136467362" timestamp="2023-05-23T17:57:09Z" user="marek kleciak" uid="338611" lat="27.6652187" lon="85.3309420"/>
 <node id="10922217163" visible="true" version="1" changeset="136467362" timestamp="2023-05-23T17:57:09Z" user="marek kleciak" uid="338611" lat="27.6638932" lon="85.3298503"/>
 <node id="10922217164" visible="true" version="1" changeset="136467362" timestamp="2023-05-23T17:57:09Z" user="marek kleciak" uid="338611" lat="27.6625723" lon="85.3287667"/>
 <node id="10922217165" visible="true" version="1" changeset="136467362" timestamp="2023-05-23T17:57:09Z" user="marek kleciak" uid="338611" lat="27.6591925" lon="85.3254558"/>
 <node id="10922217166" visible="true" version="1" changeset="136467362" timestamp="2023-05-23T17:57:09Z" user="marek kleciak" uid="338611" lat="27.6594416" lon="85.3258732"/>
 <node id="10922217167" visible="true" version="1" changeset="136467362" timestamp="2023-05-23T17:57:09Z" user="marek kleciak" uid="338611" lat="27.6595050" lon="85.3259691"/>
 <node id="10922217168" visible="true" version="1" changeset="136467362" timestamp="2023-05-23T17:57:09Z" user="marek kleciak" uid="338611" lat="27.6595761" lon="85.3260701"/>
 <node id="10922217169" visible="true" version="1" changeset="136467362" timestamp="2023-05-23T17:57:09Z" user="marek kleciak" uid="338611" lat="27.6596551" lon="85.3261768"/>
 <node id="10922217170" visible="true" version="1" changeset="136467362" timestamp="2023-05-23T17:57:09Z" user="marek kleciak" uid="338611" lat="27.6597421" lon="85.3262894"/>
 <node id="10922217171" visible="true" version="1" changeset="136467362" timestamp="2023-05-23T17:57:09Z" user="marek kleciak" uid="338611" lat="27.6599430" lon="85.3265349"/>
 <node id="10922217172" visible="true" version="1" changeset="136467362" timestamp="2023-05-23T17:57:09Z" user="marek kleciak" uid="338611" lat="27.6600040" lon="85.3266009"/>
 <node id="10922217173" visible="true" version="1" changeset="136467362" timestamp="2023-05-23T17:57:09Z" user="marek kleciak" uid="338611" lat="27.6600694" lon="85.3266675"/>
 <node id="10922217174" visible="true" version="1" changeset="136467362" timestamp="2023-05-23T17:57:09Z" user="marek kleciak" uid="338611" lat="27.6601376" lon="85.3267339"/>
 <node id="10922217175" visible="true" version="1" changeset="136467362" timestamp="2023-05-23T17:57:09Z" user="marek kleciak" uid="338611" lat="27.6602763" lon="85.3268620"/>
 <node id="10922217176" visible="true" version="1" changeset="136467362" timestamp="2023-05-23T17:57:09Z" user="marek kleciak" uid="338611" lat="27.6604080" lon="85.3269775"/>
 <node id="10922217177" visible="true" version="1" changeset="136467362" timestamp="2023-05-23T17:57:09Z" user="marek kleciak" uid="338611" lat="27.6605654" lon="85.3271097"/>
 <node id="10922217178" visible="true" version="1" changeset="136467362" timestamp="2023-05-23T17:57:09Z" user="marek kleciak" uid="338611" lat="27.6594127" lon="85.3258270"/>
 <node id="10922217179" visible="true" version="1" changeset="136467362" timestamp="2023-05-23T17:57:09Z" user="marek kleciak" uid="338611" lat="27.6598878" lon="85.3264707"/>
 <node id="10922217180" visible="true" version="2" changeset="167520696" timestamp="2025-06-12T07:38:47Z" user="marek kleciak" uid="338611" lat="27.6582047" lon="85.3221577"/>
 <node id="10922217182" visible="true" version="1" changeset="136467362" timestamp="2023-05-23T17:57:09Z" user="marek kleciak" uid="338611" lat="27.6581685" lon="85.3222039"/>
 <node id="10922217183" visible="true" version="1" changeset="136467362" timestamp="2023-05-23T17:57:09Z" user="marek kleciak" uid="338611" lat="27.6581301" lon="85.3222564"/>
 <node id="10922217184" visible="true" version="1" changeset="136467362" timestamp="2023-05-23T17:57:09Z" user="marek kleciak" uid="338611" lat="27.6580909" lon="85.3223147"/>
 <node id="10922217185" visible="true" version="1" changeset="136467362" timestamp="2023-05-23T17:57:09Z" user="marek kleciak" uid="338611" lat="27.6580523" lon="85.3223785"/>
 <node id="10922217186" visible="true" version="1" changeset="136467362" timestamp="2023-05-23T17:57:09Z" user="marek kleciak" uid="338611" lat="27.6580156" lon="85.3224475"/>
 <node id="10922217187" visible="true" version="2" changeset="139590846" timestamp="2023-08-08T03:23:27Z" user="LakeTaymyr" uid="16853720" lat="27.6579791" lon="85.3225279"/>
 <node id="10922217188" visible="true" version="1" changeset="136467362" timestamp="2023-05-23T17:57:09Z" user="marek kleciak" uid="338611" lat="27.6579535" lon="85.3225996"/>
 <node id="10922217189" visible="true" version="1" changeset="136467362" timestamp="2023-05-23T17:57:09Z" user="marek kleciak" uid="338611" lat="27.6579308" lon="85.3226820"/>
 <node id="10922217190" visible="true" version="1" changeset="136467362" timestamp="2023-05-23T17:57:09Z" user="marek kleciak" uid="338611" lat="27.6579155" lon="85.3227682"/>
 <node id="10922217191" visible="true" version="1" changeset="136467362" timestamp="2023-05-23T17:57:09Z" user="marek kleciak" uid="338611" lat="27.6579099" lon="85.3229460"/>
 <node id="10922217192" visible="true" version="1" changeset="136467362" timestamp="2023-05-23T17:57:09Z" user="marek kleciak" uid="338611" lat="27.6579161" lon="85.3230284"/>
 <node id="10922217193" visible="true" version="1" changeset="136467362" timestamp="2023-05-23T17:57:09Z" user="marek kleciak" uid="338611" lat="27.6579267" lon="85.3231049"/>
 <node id="10922217194" visible="true" version="1" changeset="136467362" timestamp="2023-05-23T17:57:09Z" user="marek kleciak" uid="338611" lat="27.6579407" lon="85.3231756"/>
 <node id="10922217195" visible="true" version="1" changeset="136467362" timestamp="2023-05-23T17:57:09Z" user="marek kleciak" uid="338611" lat="27.6579575" lon="85.3232405"/>
 <node id="10922217196" visible="true" version="1" changeset="136467362" timestamp="2023-05-23T17:57:09Z" user="marek kleciak" uid="338611" lat="27.6579763" lon="85.3232997"/>
 <node id="10922217197" visible="true" version="1" changeset="136467362" timestamp="2023-05-23T17:57:09Z" user="marek kleciak" uid="338611" lat="27.6579962" lon="85.3233532"/>
 <node id="10922217198" visible="true" version="1" changeset="136467362" timestamp="2023-05-23T17:57:09Z" user="marek kleciak" uid="338611" lat="27.6580164" lon="85.3234010"/>
 <node id="10922217199" visible="true" version="1" changeset="136467362" timestamp="2023-05-23T17:57:09Z" user="marek kleciak" uid="338611" lat="27.6580362" lon="85.3234432"/>
 <node id="10922217200" visible="true" version="1" changeset="136467362" timestamp="2023-05-23T17:57:09Z" user="marek kleciak" uid="338611" lat="27.6581079" lon="85.3235786"/>
 <node id="10922217201" visible="true" version="1" changeset="136467362" timestamp="2023-05-23T17:57:09Z" user="marek kleciak" uid="338611" lat="27.6583570" lon="85.3240159"/>
 <node id="10922217202" visible="true" version="6" changeset="136855762" timestamp="2023-06-02T07:21:12Z" user="Heinz_V" uid="91490" lat="27.6613889" lon="85.3182661"/>
 <node id="10922217203" visible="true" version="3" changeset="136531964" timestamp="2023-05-25T08:24:44Z" user="marek kleciak" uid="338611" lat="27.6610728" lon="85.3186814"/>
 <node id="10922217204" visible="true" version="1" changeset="136467362" timestamp="2023-05-23T17:57:09Z" user="marek kleciak" uid="338611" lat="27.6595790" lon="85.3205055"/>
 <node id="10922227605" visible="true" version="1" changeset="136467362" timestamp="2023-05-23T17:57:09Z" user="marek kleciak" uid="338611" lat="27.6579089" lon="85.3228578"/>
 <node id="10922227633" visible="true" version="1" changeset="136467362" timestamp="2023-05-23T17:57:09Z" user="marek kleciak" uid="338611" lat="27.6641230" lon="85.3301377"/>
 <node id="10922227634" visible="true" version="1" changeset="136467362" timestamp="2023-05-23T17:57:09Z" user="marek kleciak" uid="338611" lat="27.6649236" lon="85.3307933"/>
 <node id="10922227635" visible="true" version="1" changeset="136467362" timestamp="2023-05-23T17:57:09Z" user="marek kleciak" uid="338611" lat="27.6654896" lon="85.3312638"/>
 <node id="10922238505" visible="true" version="1" changeset="136467625" timestamp="2023-05-23T18:05:31Z" user="marek kleciak" uid="338611" lat="27.6578419" lon="85.3230889"/>
 <node id="10922238506" visible="true" version="1" changeset="136467625" timestamp="2023-05-23T18:05:31Z" user="marek kleciak" uid="338611" lat="27.6578339" lon="85.3230254"/>
 <node id="10922238507" visible="true" version="1" changeset="136467625" timestamp="2023-05-23T18:05:31Z" user="marek kleciak" uid="338611" lat="27.6578292" lon="85.3229619"/>
 <node id="10922238508" visible="true" version="1" changeset="136467625" timestamp="2023-05-23T18:05:31Z" user="marek kleciak" uid="338611" lat="27.6578278" lon="85.3228987"/>
 <node id="10922238509" visible="true" version="1" changeset="136467625" timestamp="2023-05-23T18:05:31Z" user="marek kleciak" uid="338611" lat="27.6578294" lon="85.3228361"/>
 <node id="10922238510" visible="true" version="1" changeset="136467625" timestamp="2023-05-23T18:05:31Z" user="marek kleciak" uid="338611" lat="27.6578341" lon="85.3227745"/>
 <node id="10922238511" visible="true" version="1" changeset="136467625" timestamp="2023-05-23T18:05:31Z" user="marek kleciak" uid="338611" lat="27.6578416" lon="85.3227142"/>
 <node id="10922238512" visible="true" version="1" changeset="136467625" timestamp="2023-05-23T18:05:31Z" user="marek kleciak" uid="338611" lat="27.6578519" lon="85.3226555"/>
 <node id="10922238513" visible="true" version="1" changeset="136467625" timestamp="2023-05-23T18:05:31Z" user="marek kleciak" uid="338611" lat="27.6578648" lon="85.3225988"/>
 <node id="10922238514" visible="true" version="2" changeset="136855762" timestamp="2023-06-02T07:21:12Z" user="Heinz_V" uid="91490" lat="27.6578802" lon="85.3225443">
  <tag k="highway" v="crossing"/>
 </node>
 <node id="10922238515" visible="true" version="1" changeset="136467625" timestamp="2023-05-23T18:05:31Z" user="marek kleciak" uid="338611" lat="27.6578685" lon="85.3232145"/>
 <node id="10922738949" visible="true" version="2" changeset="136531964" timestamp="2023-05-25T08:24:44Z" user="marek kleciak" uid="338611" lat="27.6610610" lon="85.3185806"/>
 <node id="10922738950" visible="true" version="3" changeset="136533463" timestamp="2023-05-25T08:58:36Z" user="marek kleciak" uid="338611" lat="27.6639223" lon="85.3149906"/>
 <node id="10923440775" visible="true" version="1" changeset="136480295" timestamp="2023-05-24T05:13:24Z" user="marek kleciak" uid="338611" lat="27.6886013" lon="85.2849689"/>
 <node id="10923440785" visible="true" version="1" changeset="136480295" timestamp="2023-05-24T05:13:24Z" user="marek kleciak" uid="338611" lat="27.6855113" lon="85.2934447"/>
 <node id="10923440788" visible="true" version="1" changeset="136480295" timestamp="2023-05-24T05:13:24Z" user="marek kleciak" uid="338611" lat="27.6851171" lon="85.2956401"/>
 <node id="10923440789" visible="true" version="1" changeset="136480295" timestamp="2023-05-24T05:13:24Z" user="marek kleciak" uid="338611" lat="27.6850541" lon="85.2956052"/>
 <node id="10923440792" visible="true" version="1" changeset="136480295" timestamp="2023-05-24T05:13:24Z" user="marek kleciak" uid="338611" lat="27.6886690" lon="85.2848314"/>
 <node id="10923550412" visible="true" version="3" changeset="174004003" timestamp="2025-10-31T05:21:23Z" user="LakeTyers" uid="19636697" lat="27.7071842" lon="85.2824670"/>
 <node id="10924068387" visible="true" version="1" changeset="136499855" timestamp="2023-05-24T13:03:57Z" user="marek kleciak" uid="338611" lat="27.7182125" lon="85.2841113"/>
 <node id="10925907341" visible="true" version="1" changeset="136532016" timestamp="2023-05-25T08:26:05Z" user="marek kleciak" uid="338611" lat="27.6591793" lon="85.3210060"/>
 <node id="10926005591" visible="true" version="1" changeset="136535654" timestamp="2023-05-25T09:45:24Z" user="marek kleciak" uid="338611" lat="27.6768222" lon="85.3021239"/>
 <node id="10926005602" visible="true" version="1" changeset="136535654" timestamp="2023-05-25T09:45:24Z" user="marek kleciak" uid="338611" lat="27.6729833" lon="85.3031087"/>
 <node id="10926005603" visible="true" version="1" changeset="136535654" timestamp="2023-05-25T09:45:24Z" user="marek kleciak" uid="338611" lat="27.6737314" lon="85.3025656"/>
 <node id="10926005604" visible="true" version="1" changeset="136535654" timestamp="2023-05-25T09:45:24Z" user="marek kleciak" uid="338611" lat="27.6735946" lon="85.3025666"/>
 <node id="10926035356" visible="true" version="3" changeset="167765371" timestamp="2025-06-18T05:52:51Z" user="marek kleciak" uid="338611" lat="27.7421262" lon="85.3328682"/>
 <node id="10926040523" visible="true" version="1" changeset="136535890" timestamp="2023-05-25T09:51:39Z" user="marek kleciak" uid="338611" lat="27.6849309" lon="85.2971692">
  <tag k="highway" v="crossing"/>
 </node>
 <node id="10926040524" visible="true" version="1" changeset="136535890" timestamp="2023-05-25T09:51:39Z" user="marek kleciak" uid="338611" lat="27.6848722" lon="85.2971612">
  <tag k="highway" v="crossing"/>
 </node>
 <node id="10926041107" visible="true" version="1" changeset="136535654" timestamp="2023-05-25T09:45:24Z" user="marek kleciak" uid="338611" lat="27.6768248" lon="85.3020501"/>
 <node id="10926041145" visible="true" version="1" changeset="136535654" timestamp="2023-05-25T09:45:24Z" user="marek kleciak" uid="338611" lat="27.6804620" lon="85.3021871"/>
 <node id="10926041146" visible="true" version="1" changeset="136535654" timestamp="2023-05-25T09:45:24Z" user="marek kleciak" uid="338611" lat="27.6793068" lon="85.3021541"/>
 <node id="10926041148" visible="true" version="1" changeset="136535654" timestamp="2023-05-25T09:45:24Z" user="marek kleciak" uid="338611" lat="27.6808718" lon="85.3022990"/>
 <node id="10926041150" visible="true" version="1" changeset="136535654" timestamp="2023-05-25T09:45:24Z" user="marek kleciak" uid="338611" lat="27.6832076" lon="85.3024143"/>
 <node id="10926041152" visible="true" version="1" changeset="136535654" timestamp="2023-05-25T09:45:24Z" user="marek kleciak" uid="338611" lat="27.6840486" lon="85.3021221"/>
 <node id="10926041154" visible="true" version="1" changeset="136535654" timestamp="2023-05-25T09:45:24Z" user="marek kleciak" uid="338611" lat="27.6844463" lon="85.3013385"/>
 <node id="10926041155" visible="true" version="1" changeset="136535654" timestamp="2023-05-25T09:45:24Z" user="marek kleciak" uid="338611" lat="27.6843846" lon="85.3015784"/>
 <node id="10926041156" visible="true" version="1" changeset="136535654" timestamp="2023-05-25T09:45:24Z" user="marek kleciak" uid="338611" lat="27.6841884" lon="85.3019610"/>
 <node id="10926314490" visible="true" version="3" changeset="173702902" timestamp="2025-10-24T07:02:03Z" user="Metauro" uid="20432920" lat="27.7270042" lon="85.3044421"/>
 <node id="10926314492" visible="true" version="2" changeset="164363483" timestamp="2025-04-01T08:40:34Z" user="marek kleciak" uid="338611" lat="27.7268870" lon="85.3042963"/>
 <node id="10926314493" visible="true" version="1" changeset="136544013" timestamp="2023-05-25T13:19:37Z" user="marek kleciak" uid="338611" lat="27.7269518" lon="85.3043599"/>
 <node id="10926314495" visible="true" version="3" changeset="173702902" timestamp="2025-10-24T07:02:03Z" user="Metauro" uid="20432920" lat="27.7269726" lon="85.3044536"/>
 <node id="10926314496" visible="true" version="1" changeset="136544013" timestamp="2023-05-25T13:19:37Z" user="marek kleciak" uid="338611" lat="27.7268912" lon="85.3044243"/>
 <node id="10926314497" visible="true" version="3" changeset="173702902" timestamp="2025-10-24T07:02:03Z" user="Metauro" uid="20432920" lat="27.7271499" lon="85.3045279"/>
 <node id="10926314498" visible="true" version="1" changeset="136544013" timestamp="2023-05-25T13:19:37Z" user="marek kleciak" uid="338611" lat="27.7270880" lon="85.3047814"/>
 <node id="10926314501" visible="true" version="1" changeset="136544013" timestamp="2023-05-25T13:19:37Z" user="marek kleciak" uid="338611" lat="27.7276715" lon="85.3051216"/>
 <node id="10926314502" visible="true" version="1" changeset="136544013" timestamp="2023-05-25T13:19:37Z" user="marek kleciak" uid="338611" lat="27.7277459" lon="85.3051548"/>
 <node id="10926314503" visible="true" version="1" changeset="136544013" timestamp="2023-05-25T13:19:37Z" user="marek kleciak" uid="338611" lat="27.7278206" lon="85.3051849"/>
 <node id="10926314504" visible="true" version="1" changeset="136544013" timestamp="2023-05-25T13:19:37Z" user="marek kleciak" uid="338611" lat="27.7278942" lon="85.3052119"/>
 <node id="10926321905" visible="true" version="1" changeset="136544013" timestamp="2023-05-25T13:19:37Z" user="marek kleciak" uid="338611" lat="27.7279651" lon="85.3052355"/>
 <node id="10926321906" visible="true" version="1" changeset="136544013" timestamp="2023-05-25T13:19:37Z" user="marek kleciak" uid="338611" lat="27.7280317" lon="85.3052558"/>
 <node id="10926321907" visible="true" version="1" changeset="136544013" timestamp="2023-05-25T13:19:37Z" user="marek kleciak" uid="338611" lat="27.7280926" lon="85.3052725"/>
 <node id="10926702577" visible="true" version="2" changeset="167809003" timestamp="2025-06-19T06:02:17Z" user="marek kleciak" uid="338611" lat="27.7165157" lon="85.2836073">
  <tag k="crossing" v="uncontrolled"/>
  <tag k="crossing:markings" v="yes"/>
  <tag k="highway" v="crossing"/>
 </node>
 <node id="10926702578" visible="true" version="1" changeset="136551943" timestamp="2023-05-25T16:44:55Z" user="marek kleciak" uid="338611" lat="27.7173156" lon="85.2837083"/>
 <node id="10926702579" visible="true" version="1" changeset="136551943" timestamp="2023-05-25T16:44:55Z" user="marek kleciak" uid="338611" lat="27.7174509" lon="85.2837270"/>
 <node id="10926720238" visible="true" version="1" changeset="136552261" timestamp="2023-05-25T16:53:42Z" user="marek kleciak" uid="338611" lat="27.6980133" lon="85.2813922"/>
 <node id="10926720240" visible="true" version="2" changeset="162391501" timestamp="2025-02-11T13:31:03Z" user="FaroRiver" uid="20109078" lat="27.6987234" lon="85.2814210"/>
 <node id="10926720251" visible="true" version="3" changeset="174004003" timestamp="2025-10-31T05:21:23Z" user="LakeTyers" uid="19636697" lat="27.7054597" lon="85.2822673"/>
 <node id="10926720252" visible="true" version="2" changeset="174004003" timestamp="2025-10-31T05:21:23Z" user="LakeTyers" uid="19636697" lat="27.7068745" lon="85.2824436"/>
 <node id="10926734319" visible="true" version="1" changeset="136552664" timestamp="2023-05-25T17:04:57Z" user="marek kleciak" uid="338611" lat="27.6923396" lon="85.2820654"/>
 <node id="10926734320" visible="true" version="1" changeset="136552664" timestamp="2023-05-25T17:04:57Z" user="marek kleciak" uid="338611" lat="27.6918824" lon="85.2823833"/>
 <node id="10926734321" visible="true" version="1" changeset="136552664" timestamp="2023-05-25T17:04:57Z" user="marek kleciak" uid="338611" lat="27.6918159" lon="85.2823484"/>
 <node id="10926734322" visible="true" version="1" changeset="136552664" timestamp="2023-05-25T17:04:57Z" user="marek kleciak" uid="338611" lat="27.6924748" lon="85.2819878"/>
 <node id="10926734323" visible="true" version="1" changeset="136552664" timestamp="2023-05-25T17:04:57Z" user="marek kleciak" uid="338611" lat="27.6924354" lon="85.2819266"/>
 <node id="10926734325" visible="true" version="1" changeset="136552664" timestamp="2023-05-25T17:04:57Z" user="marek kleciak" uid="338611" lat="27.6950862" lon="85.2815974"/>
 <node id="10926734332" visible="true" version="1" changeset="136552664" timestamp="2023-05-25T17:04:57Z" user="marek kleciak" uid="338611" lat="27.6963212" lon="85.2815518"/>
 <node id="10926734333" visible="true" version="1" changeset="136552664" timestamp="2023-05-25T17:04:57Z" user="marek kleciak" uid="338611" lat="27.6962737" lon="85.2814820"/>
 <node id="10926734334" visible="true" version="1" changeset="136552664" timestamp="2023-05-25T17:04:57Z" user="marek kleciak" uid="338611" lat="27.6971916" lon="85.2814029"/>
 <node id="10929897542" visible="true" version="1" changeset="136604277" timestamp="2023-05-26T20:25:56Z" user="marek kleciak" uid="338611" lat="27.6587552" lon="85.3248303"/>
 <node id="10929897543" visible="true" version="1" changeset="136604277" timestamp="2023-05-26T20:25:56Z" user="marek kleciak" uid="338611" lat="27.6588045" lon="85.3247934"/>
 <node id="10944006973" visible="true" version="3" changeset="157594255" timestamp="2024-10-07T18:22:33Z" user="VormaCanal" uid="18561486" lat="27.6893671" lon="85.2841048">
  <tag k="highway" v="crossing"/>
 </node>
 <node id="10944006974" visible="true" version="3" changeset="157594255" timestamp="2024-10-07T18:22:33Z" user="VormaCanal" uid="18561486" lat="27.6893267" lon="85.2840459">
  <tag k="highway" v="crossing"/>
 </node>
 <node id="10944006981" visible="true" version="2" changeset="162231953" timestamp="2025-02-07T05:50:46Z" user="marek kleciak" uid="338611" lat="27.6855676" lon="85.2932065">
  <tag k="highway" v="crossing"/>
 </node>
 <node id="10944006982" visible="true" version="2" changeset="162231953" timestamp="2025-02-07T05:50:46Z" user="marek kleciak" uid="338611" lat="27.6856151" lon="85.2932395">
  <tag k="highway" v="crossing"/>
 </node>
 <node id="10944006989" visible="true" version="1" changeset="136829478" timestamp="2023-06-01T12:36:41Z" user="Heinz_V" uid="91490" lat="27.6847686" lon="85.2980693">
  <tag k="highway" v="crossing"/>
 </node>
 <node id="10944006990" visible="true" version="1" changeset="136829478" timestamp="2023-06-01T12:36:41Z" user="Heinz_V" uid="91490" lat="27.6848346" lon="85.2980772">
  <tag k="highway" v="crossing"/>
 </node>
 <node id="10944006996" visible="true" version="1" changeset="136829478" timestamp="2023-06-01T12:36:41Z" user="Heinz_V" uid="91490" lat="27.6848018" lon="85.2983495">
  <tag k="highway" v="crossing"/>
 </node>
 <node id="10944006997" visible="true" version="1" changeset="136829478" timestamp="2023-06-01T12:36:41Z" user="Heinz_V" uid="91490" lat="27.6847363" lon="85.2983445">
  <tag k="highway" v="crossing"/>
 </node>
 <node id="10944007001" visible="true" version="1" changeset="136829478" timestamp="2023-06-01T12:36:41Z" user="Heinz_V" uid="91490" lat="27.6848386" lon="85.2974932">
  <tag k="highway" v="crossing"/>
 </node>
 <node id="10944007002" visible="true" version="1" changeset="136829478" timestamp="2023-06-01T12:36:41Z" user="Heinz_V" uid="91490" lat="27.6849071" lon="85.2975015">
  <tag k="highway" v="crossing"/>
 </node>
 <node id="10944384881" visible="true" version="1" changeset="136837872" timestamp="2023-06-01T16:18:45Z" user="Heinz_V" uid="91490" lat="27.7303255" lon="85.3053304"/>
 <node id="10945722432" visible="true" version="1" changeset="136855762" timestamp="2023-06-02T07:21:12Z" user="Heinz_V" uid="91490" lat="27.7200973" lon="85.2879151"/>
 <node id="10945722433" visible="true" version="1" changeset="136855762" timestamp="2023-06-02T07:21:12Z" user="Heinz_V" uid="91490" lat="27.7199640" lon="85.2876372"/>
 <node id="10945722435" visible="true" version="5" changeset="167491234" timestamp="2025-06-11T13:11:20Z" user="marek kleciak" uid="338611" lat="27.7225414" lon="85.2929068">
  <tag k="crossing:island" v="no"/>
  <tag k="crossing:markings" v="no"/>
  <tag k="crossing:signals" v="no"/>
  <tag k="highway" v="crossing"/>
 </node>
 <node id="10945722438" visible="true" version="1" changeset="136855762" timestamp="2023-06-02T07:21:12Z" user="Heinz_V" uid="91490" lat="27.7349851" lon="85.3056264">
  <tag k="highway" v="crossing"/>
 </node>
 <node id="10945722441" visible="true" version="1" changeset="136855762" timestamp="2023-06-02T07:21:12Z" user="Heinz_V" uid="91490" lat="27.7349285" lon="85.3142055">
  <tag k="highway" v="crossing"/>
 </node>
 <node id="10945722444" visible="true" version="1" changeset="136855762" timestamp="2023-06-02T07:21:12Z" user="Heinz_V" uid="91490" lat="27.7350687" lon="85.3175087">
  <tag k="highway" v="crossing"/>
 </node>
 <node id="10945722447" visible="true" version="2" changeset="167764117" timestamp="2025-06-18T04:56:06Z" user="marek kleciak" uid="338611" lat="27.7360244" lon="85.3217345">
  <tag k="highway" v="crossing"/>
 </node>
 <node id="10945722450" visible="true" version="1" changeset="136855762" timestamp="2023-06-02T07:21:12Z" user="Heinz_V" uid="91490" lat="27.7370060" lon="85.3233865">
  <tag k="highway" v="crossing"/>
 </node>
 <node id="10945722453" visible="true" version="3" changeset="167048165" timestamp="2025-06-01T12:16:52Z" user="Calypso Frelimo" uid="20248037" lat="27.7379498" lon="85.3249332">
  <tag k="crossing:signals" v="no"/>
  <tag k="highway" v="crossing"/>
 </node>
 <node id="10945722455" visible="true" version="2" changeset="170735986" timestamp="2025-08-20T16:19:07Z" user="HurdenShipCanal" uid="21470692" lat="27.7392787" lon="85.3271293"/>
 <node id="10945722456" visible="true" version="2" changeset="170735572" timestamp="2025-08-20T16:10:12Z" user="HurdenShipCanal" uid="21470692" lat="27.7397426" lon="85.3279036"/>
 <node id="10945722458" visible="true" version="1" changeset="136855762" timestamp="2023-06-02T07:21:12Z" user="Heinz_V" uid="91490" lat="27.7406521" lon="85.3293790">
  <tag k="highway" v="crossing"/>
 </node>
 <node id="10945722460" visible="true" version="1" changeset="136855762" timestamp="2023-06-02T07:21:12Z" user="Heinz_V" uid="91490" lat="27.7417964" lon="85.3312359"/>
 <node id="10945722462" visible="true" version="4" changeset="166256115" timestamp="2025-05-14T13:09:51Z" user="Calypso Frelimo" uid="20248037" lat="27.7419590" lon="85.3315424">
  <tag k="crossing:island" v="no"/>
  <tag k="crossing:markings" v="yes"/>
  <tag k="crossing:signals" v="no"/>
  <tag k="highway" v="crossing"/>
 </node>
 <node id="10945722465" visible="true" version="6" changeset="167730410" timestamp="2025-06-17T09:56:47Z" user="marek kleciak" uid="338611" lat="27.7421479" lon="85.3323660">
  <tag k="crossing:island" v="no"/>
  <tag k="crossing:markings" v="yes"/>
  <tag k="crossing:signals" v="no"/>
  <tag k="highway" v="crossing"/>
 </node>
 <node id="10945722468" visible="true" version="7" changeset="167730410" timestamp="2025-06-17T09:56:47Z" user="marek kleciak" uid="338611" lat="27.7401272" lon="85.3368865">
  <tag k="button_operated" v="no"/>
  <tag k="crossing" v="traffic_signals"/>
  <tag k="crossing:island" v="no"/>
  <tag k="highway" v="crossing"/>
  <tag k="traffic_signals:sound" v="no"/>
  <tag k="traffic_signals:vibration" v="no"/>
 </node>
 <node id="10945722474" visible="true" version="5" changeset="167730410" timestamp="2025-06-17T09:56:47Z" user="marek kleciak" uid="338611" lat="27.7378773" lon="85.3403882">
  <tag k="crossing:signals" v="no"/>
  <tag k="highway" v="crossing"/>
 </node>
 <node id="10945722477" visible="true" version="4" changeset="167730410" timestamp="2025-06-17T09:56:47Z" user="marek kleciak" uid="338611" lat="27.7347609" lon="85.3424264">
  <tag k="highway" v="crossing"/>
 </node>
 <node id="10945722479" visible="true" version="2" changeset="167730410" timestamp="2025-06-17T09:56:47Z" user="marek kleciak" uid="338611" lat="27.7321764" lon="85.3440394"/>
 <node id="10945722481" visible="true" version="2" changeset="161444732" timestamp="2025-01-17T07:56:38Z" user="marek kleciak" uid="338611" lat="27.7320867" lon="85.3440945">
  <tag k="highway" v="crossing"/>
 </node>
 <node id="10945722485" visible="true" version="3" changeset="167726927" timestamp="2025-06-17T08:23:49Z" user="marek kleciak" uid="338611" lat="27.7313030" lon="85.3446318"/>
 <node id="10945722487" visible="true" version="2" changeset="167726927" timestamp="2025-06-17T08:23:49Z" user="marek kleciak" uid="338611" lat="27.7298854" lon="85.3455133">
  <tag k="highway" v="crossing"/>
 </node>
 <node id="10945722490" visible="true" version="1" changeset="136855762" timestamp="2023-06-02T07:21:12Z" user="Heinz_V" uid="91490" lat="27.7291192" lon="85.3458758">
  <tag k="highway" v="crossing"/>
 </node>
 <node id="10945722493" visible="true" version="1" changeset="136855762" timestamp="2023-06-02T07:21:12Z" user="Heinz_V" uid="91490" lat="27.7283161" lon="85.3458649">
  <tag k="highway" v="crossing"/>
 </node>
 <node id="10945722497" visible="true" version="1" changeset="136855762" timestamp="2023-06-02T07:21:12Z" user="Heinz_V" uid="91490" lat="27.7274584" lon="85.3456129">
  <tag k="highway" v="crossing"/>
 </node>
 <node id="10945722502" visible="true" version="1" changeset="136855762" timestamp="2023-06-02T07:21:12Z" user="Heinz_V" uid="91490" lat="27.7226282" lon="85.3453113">
  <tag k="highway" v="crossing"/>
 </node>
 <node id="10945732605" visible="true" version="1" changeset="136855762" timestamp="2023-06-02T07:21:12Z" user="Heinz_V" uid="91490" lat="27.7200875" lon="85.3462686">
  <tag k="highway" v="crossing"/>
 </node>
 <node id="10945732607" visible="true" version="3" changeset="179561779" timestamp="2026-03-09T05:33:49Z" user="SurmaRiver" uid="23046137" lat="27.7187998" lon="85.3467900"/>
 <node id="10945732608" visible="true" version="2" changeset="167732928" timestamp="2025-06-17T11:03:46Z" user="marek kleciak" uid="338611" lat="27.7182057" lon="85.3469319"/>
 <node id="10945732612" visible="true" version="2" changeset="167732928" timestamp="2025-06-17T11:03:46Z" user="marek kleciak" uid="338611" lat="27.7177799" lon="85.3467324"/>
 <node id="10945732613" visible="true" version="2" changeset="167732928" timestamp="2025-06-17T11:03:46Z" user="marek kleciak" uid="338611" lat="27.7175304" lon="85.3466383"/>
 <node id="10945732616" visible="true" version="2" changeset="167732928" timestamp="2025-06-17T11:03:46Z" user="marek kleciak" uid="338611" lat="27.7174792" lon="85.3466242">
  <tag k="highway" v="crossing"/>
 </node>
 <node id="10945732617" visible="true" version="2" changeset="167732928" timestamp="2025-06-17T11:03:46Z" user="marek kleciak" uid="338611" lat="27.7174662" lon="85.3467128">
  <tag k="highway" v="crossing"/>
 </node>
 <node id="10945732620" visible="true" version="1" changeset="136855762" timestamp="2023-06-02T07:21:12Z" user="Heinz_V" uid="91490" lat="27.7166267" lon="85.3464028"/>
 <node id="10945732622" visible="true" version="3" changeset="167732928" timestamp="2025-06-17T11:03:46Z" user="marek kleciak" uid="338611" lat="27.7158292" lon="85.3461215">
  <tag k="crossing:signals" v="no"/>
  <tag k="highway" v="crossing"/>
 </node>
 <node id="10945732625" visible="true" version="6" changeset="168909739" timestamp="2025-07-14T10:38:00Z" user="marek kleciak" uid="338611" lat="27.7132392" lon="85.3454588">
  <tag k="bus" v="yes"/>
  <tag k="crossing" v="marked"/>
  <tag k="crossing:island" v="no"/>
  <tag k="highway" v="crossing;bus_stop"/>
  <tag k="name" v="Mitrapark"/>
  <tag k="public_transport" v="platform"/>
 </node>
 <node id="10945732631" visible="true" version="5" changeset="167732928" timestamp="2025-06-17T11:03:46Z" user="marek kleciak" uid="338611" lat="27.7105365" lon="85.3442451">
  <tag k="crossing" v="unmarked"/>
  <tag k="highway" v="crossing"/>
 </node>
 <node id="10945732633" visible="true" version="3" changeset="167732928" timestamp="2025-06-17T11:03:46Z" user="marek kleciak" uid="338611" lat="27.7096230" lon="85.3440077"/>
 <node id="10945732635" visible="true" version="3" changeset="167732928" timestamp="2025-06-17T11:03:46Z" user="marek kleciak" uid="338611" lat="27.7091376" lon="85.3439018"/>
 <node id="10945732637" visible="true" version="4" changeset="167732928" timestamp="2025-06-17T11:03:46Z" user="marek kleciak" uid="338611" lat="27.7080967" lon="85.3434595">
  <tag k="crossing" v="marked"/>
  <tag k="crossing:island" v="no"/>
  <tag k="highway" v="crossing"/>
 </node>
 <node id="10945732640" visible="true" version="3" changeset="144898591" timestamp="2023-12-08T11:01:42Z" user="sagarawrz07" uid="4831756" lat="27.7076719" lon="85.3436049">
  <tag k="crossing" v="marked"/>
  <tag k="crossing:island" v="no"/>
  <tag k="highway" v="crossing"/>
 </node>
 <node id="10945732642" visible="true" version="1" changeset="136855762" timestamp="2023-06-02T07:21:12Z" user="Heinz_V" uid="91490" lat="27.7070517" lon="85.3444733"/>
 <node id="10945732644" visible="true" version="3" changeset="165672885" timestamp="2025-05-01T12:12:43Z" user="mandira bomjan" uid="19205506" lat="27.7057615" lon="85.3468248">
  <tag k="crossing" v="marked"/>
  <tag k="crossing:island" v="yes"/>
  <tag k="highway" v="crossing"/>
 </node>
 <node id="10945732646" visible="true" version="1" changeset="136855762" timestamp="2023-06-02T07:21:12Z" user="Heinz_V" uid="91490" lat="27.7058051" lon="85.3475555"/>
 <node id="10945732648" visible="true" version="2" changeset="165673027" timestamp="2025-05-01T12:15:42Z" user="mandira bomjan" uid="19205506" lat="27.7061563" lon="85.3498304">
  <tag k="crossing:signals" v="no"/>
  <tag k="highway" v="crossing"/>
 </node>
 <node id="10945732650" visible="true" version="1" changeset="136855762" timestamp="2023-06-02T07:21:12Z" user="Heinz_V" uid="91490" lat="27.7053165" lon="85.3518632"/>
 <node id="10945732651" visible="true" version="1" changeset="136855762" timestamp="2023-06-02T07:21:12Z" user="Heinz_V" uid="91490" lat="27.7050294" lon="85.3519338"/>
 <node id="10945732652" visible="true" version="1" changeset="136855762" timestamp="2023-06-02T07:21:12Z" user="Heinz_V" uid="91490" lat="27.7039451" lon="85.3519987"/>
 <node id="10945732653" visible="true" version="1" changeset="136855762" timestamp="2023-06-02T07:21:12Z" user="Heinz_V" uid="91490" lat="27.7015407" lon="85.3530101"/>
 <node id="10945732655" visible="true" version="3" changeset="188794700" timestamp="2026-09-09T21:49:19Z" user="SpaceTracer" uid="9368502" lat="27.7012446" lon="85.3532475">
  <tag k="crossing" v="marked"/>
  <tag k="highway" v="crossing"/>
 </node>
 <node id="10945732658" visible="true" version="4" changeset="188794700" timestamp="2026-09-09T21:49:19Z" user="SpaceTracer" uid="9368502" lat="27.7003839" lon="85.3539172">
  <tag k="crossing" v="marked"/>
  <tag k="crossing:island" v="no"/>
  <tag k="highway" v="crossing"/>
 </node>
 <node id="10945732661" visible="true" version="2" changeset="177419624" timestamp="2026-01-19T10:50:53Z" user="marek kleciak" uid="338611" lat="27.6956230" lon="85.3550450">
  <tag k="highway" v="crossing"/>
 </node>
 <node id="10945732663" visible="true" version="2" changeset="166851418" timestamp="2025-05-28T04:29:57Z" user="marek kleciak" uid="338611" lat="27.7019732" lon="85.3526633"/>
 <node id="10945732665" visible="true" version="2" changeset="188794700" timestamp="2026-09-09T21:49:19Z" user="SpaceTracer" uid="9368502" lat="27.7000367" lon="85.3541859"/>
 <node id="10945732666" visible="true" version="2" changeset="161598386" timestamp="2025-01-21T12:21:40Z" user="marek kleciak" uid="338611" lat="27.6987338" lon="85.3550274"/>
 <node id="10945732667" visible="true" version="1" changeset="136855762" timestamp="2023-06-02T07:21:12Z" user="Heinz_V" uid="91490" lat="27.6982262" lon="85.3551851"/>
 <node id="10945732669" visible="true" version="1" changeset="136855762" timestamp="2023-06-02T07:21:12Z" user="Heinz_V" uid="91490" lat="27.6948693" lon="85.3548504">
  <tag k="highway" v="crossing"/>
 </node>
 <node id="10945732672" visible="true" version="1" changeset="136855762" timestamp="2023-06-02T07:21:12Z" user="Heinz_V" uid="91490" lat="27.6936908" lon="85.3541998">
  <tag k="highway" v="crossing"/>
 </node>
 <node id="10945732675" visible="true" version="3" changeset="164325792" timestamp="2025-03-31T11:27:30Z" user="marek kleciak" uid="338611" lat="27.6911690" lon="85.3527794">
  <tag k="crossing" v="marked"/>
  <tag k="highway" v="crossing"/>
 </node>
 <node id="10945732678" visible="true" version="2" changeset="168691977" timestamp="2025-07-09T11:52:32Z" user="marek kleciak" uid="338611" lat="27.6874192" lon="85.3505954">
  <tag k="highway" v="crossing"/>
 </node>
 <node id="10945732682" visible="true" version="2" changeset="167520653" timestamp="2025-06-12T07:37:30Z" user="marek kleciak" uid="338611" lat="27.6586900" lon="85.3245958">
  <tag k="highway" v="crossing"/>
 </node>
 <node id="10945732683" visible="true" version="2" changeset="167520653" timestamp="2025-06-12T07:37:30Z" user="marek kleciak" uid="338611" lat="27.6586416" lon="85.3246361">
  <tag k="highway" v="crossing"/>
 </node>
 <node id="10945732688" visible="true" version="1" changeset="136855762" timestamp="2023-06-02T07:21:12Z" user="Heinz_V" uid="91490" lat="27.6579629" lon="85.3225741">
  <tag k="highway" v="crossing"/>
 </node>
 <node id="10945732692" visible="true" version="1" changeset="136855762" timestamp="2023-06-02T07:21:12Z" user="Heinz_V" uid="91490" lat="27.6592389" lon="85.3209314">
  <tag k="highway" v="crossing"/>
 </node>
 <node id="10945732693" visible="true" version="1" changeset="136855762" timestamp="2023-06-02T07:21:12Z" user="Heinz_V" uid="91490" lat="27.6591834" lon="85.3208790">
  <tag k="highway" v="crossing"/>
 </node>
 <node id="10945732699" visible="true" version="5" changeset="141551242" timestamp="2023-09-21T10:11:45Z" user="Dinesh Bhattarai (db)" uid="7725336" lat="27.6614080" lon="85.3182422">
  <tag k="button_operated" v="no"/>
  <tag k="crossing" v="traffic_signals"/>
  <tag k="highway" v="crossing"/>
  <tag k="traffic_signals:sound" v="no"/>
  <tag k="traffic_signals:vibration" v="no"/>
 </node>
 <node id="10945732700" visible="true" version="5" changeset="141551242" timestamp="2023-09-21T10:11:50Z" user="Dinesh Bhattarai (db)" uid="7725336" lat="27.6613613" lon="85.3181949">
  <tag k="button_operated" v="no"/>
  <tag k="crossing" v="traffic_signals"/>
  <tag k="highway" v="crossing"/>
  <tag k="traffic_signals:sound" v="no"/>
  <tag k="traffic_signals:vibration" v="no"/>
 </node>
 <node id="10945732709" visible="true" version="1" changeset="136855762" timestamp="2023-06-02T07:21:12Z" user="Heinz_V" uid="91490" lat="27.6666927" lon="85.3083425">
  <tag k="highway" v="crossing"/>
 </node>
 <node id="10945732710" visible="true" version="1" changeset="136855762" timestamp="2023-06-02T07:21:12Z" user="Heinz_V" uid="91490" lat="27.6666338" lon="85.3082712">
  <tag k="highway" v="crossing"/>
 </node>
 <node id="10945732797" visible="true" version="1" changeset="136855762" timestamp="2023-06-02T07:21:12Z" user="Heinz_V" uid="91490" lat="27.6825294" lon="85.3023738">
  <tag k="highway" v="crossing"/>
 </node>
 <node id="10945732798" visible="true" version="1" changeset="136855762" timestamp="2023-06-02T07:21:12Z" user="Heinz_V" uid="91490" lat="27.6825287" lon="85.3023013">
  <tag k="highway" v="crossing"/>
 </node>
 <node id="10945732803" visible="true" version="1" changeset="136855762" timestamp="2023-06-02T07:21:12Z" user="Heinz_V" uid="91490" lat="27.6843139" lon="85.3017417">
  <tag k="highway" v="crossing"/>
 </node>
 <node id="10945732804" visible="true" version="1" changeset="136855762" timestamp="2023-06-02T07:21:12Z" user="Heinz_V" uid="91490" lat="27.6842489" lon="85.3016962">
  <tag k="highway" v="crossing"/>
 </node>
 <node id="10956643833" visible="true" version="1" changeset="136955647" timestamp="2023-06-05T05:47:07Z" user="Bharat Pokharel" uid="19194476" lat="27.7225855" lon="85.2930068"/>
 <node id="10976253653" visible="true" version="2" changeset="167764117" timestamp="2025-06-18T04:56:06Z" user="marek kleciak" uid="338611" lat="27.7354248" lon="85.3203386"/>
 <node id="10980252857" visible="true" version="4" changeset="167730410" timestamp="2025-06-17T09:56:47Z" user="marek kleciak" uid="338611" lat="27.7382047" lon="85.3400901"/>
 <node id="11057067346" visible="true" version="2" changeset="146731919" timestamp="2024-01-27T04:41:55Z" user="Sucl" uid="19156307" lat="27.6619556" lon="85.3174434">
  <tag k="direction" v="321"/>
  <tag k="highway" v="speed_camera"/>
  <tag k="maxspeed" v="50"/>
 </node>
 <node id="11057084865" visible="true" version="1" changeset="138773912" timestamp="2023-07-20T16:39:35Z" user="Sucl" uid="19156307" lat="27.6778142" lon="85.3020845">
  <tag k="direction" v="358"/>
  <tag k="highway" v="speed_camera"/>
  <tag k="maxspeed" v="50"/>
 </node>
 <node id="11057113607" visible="true" version="2" changeset="167813470" timestamp="2025-06-19T08:15:50Z" user="marek kleciak" uid="338611" lat="27.6768023" lon="85.3464541">
  <tag k="direction" v="225"/>
  <tag k="highway" v="speed_camera"/>
  <tag k="maxspeed" v="50"/>
 </node>
 <node id="11411593510" visible="true" version="3" changeset="167730410" timestamp="2025-06-17T09:56:47Z" user="marek kleciak" uid="338611" lat="27.7341337" lon="85.3428238"/>
 <node id="11411593511" visible="true" version="2" changeset="167730410" timestamp="2025-06-17T09:56:47Z" user="marek kleciak" uid="338611" lat="27.7327629" lon="85.3436976"/>
 <node id="11491218589" visible="true" version="1" changeset="145912896" timestamp="2024-01-05T09:22:01Z" user="Murrumbidgee" uid="20432891" lat="27.7415219" lon="85.3307914"/>
 <node id="11555850990" visible="true" version="2" changeset="167813470" timestamp="2025-06-19T08:15:50Z" user="marek kleciak" uid="338611" lat="27.6775403" lon="85.3475803">
  <tag k="direction" v="230"/>
  <tag k="highway" v="speed_camera"/>
  <tag k="maxspeed" v="50"/>
 </node>
 <node id="11555862807" visible="true" version="2" changeset="173560825" timestamp="2025-10-21T01:28:56Z" user="wisenoble" uid="23414605" lat="27.6827090" lon="85.3493143">
  <tag k="camera:type" v="fixed"/>
  <tag k="direction" v="5"/>
  <tag k="highway" v="speed_camera"/>
  <tag k="man_made" v="surveillance"/>
  <tag k="manufacturer" v="Hikvision"/>
  <tag k="manufacturer:wikidata" v="Q5760704"/>
  <tag k="maxspeed" v="50"/>
  <tag k="surveillance:type" v="ALPR"/>
 </node>
 <node id="11555862808" visible="true" version="2" changeset="173560830" timestamp="2025-10-21T01:29:23Z" user="wisenoble" uid="23414605" lat="27.6827202" lon="85.3494428">
  <tag k="camera:type" v="fixed"/>
  <tag k="direction" v="170"/>
  <tag k="highway" v="speed_camera"/>
  <tag k="man_made" v="surveillance"/>
  <tag k="manufacturer" v="Hikvision"/>
  <tag k="manufacturer:wikidata" v="Q5760704"/>
  <tag k="maxspeed" v="50"/>
  <tag k="surveillance:type" v="ALPR"/>
 </node>
 <node id="11880664857" visible="true" version="1" changeset="150907210" timestamp="2024-05-05T07:25:54Z" user="manjita pandey" uid="10022716" lat="27.7105692" lon="85.2828965">
  <tag k="highway" v="crossing"/>
 </node>
 <node id="11942078266" visible="true" version="2" changeset="167730410" timestamp="2025-06-17T09:56:47Z" user="marek kleciak" uid="338611" lat="27.7421226" lon="85.3321595"/>
 <node id="11942078267" visible="true" version="2" changeset="167730410" timestamp="2025-06-17T09:56:47Z" user="marek kleciak" uid="338611" lat="27.7421539" lon="85.3324544"/>
 <node id="11949936381" visible="true" version="2" changeset="188393951" timestamp="2026-09-01T23:53:40Z" user="SpaceTracer" uid="9368502" lat="27.6788200" lon="85.3495832">
  <tag k="name" v="koteshwor"/>
 </node>
 <node id="11953417281" visible="true" version="2" changeset="167764117" timestamp="2025-06-18T04:56:06Z" user="marek kleciak" uid="338611" lat="27.7358334" lon="85.3213912"/>
 <node id="12107411825" visible="true" version="2" changeset="167726927" timestamp="2025-06-17T08:23:49Z" user="marek kleciak" uid="338611" lat="27.7300574" lon="85.3454088"/>
 <node id="12222405545" visible="true" version="2" changeset="167491234" timestamp="2025-06-11T13:11:20Z" user="marek kleciak" uid="338611" lat="27.7224636" lon="85.2927440"/>
 <node id="12520495151" visible="true" version="1" changeset="161598386" timestamp="2025-01-21T12:21:40Z" user="marek kleciak" uid="338611" lat="27.6977480" lon="85.3552459"/>
 <node id="12578944293" visible="true" version="1" changeset="162391501" timestamp="2025-02-11T13:31:03Z" user="FaroRiver" uid="20109078" lat="27.7032622" lon="85.2820158"/>
 <node id="12578944295" visible="true" version="1" changeset="162391501" timestamp="2025-02-11T13:31:03Z" user="FaroRiver" uid="20109078" lat="27.7037978" lon="85.2820877"/>
 <node id="12578944298" visible="true" version="1" changeset="162391501" timestamp="2025-02-11T13:31:03Z" user="FaroRiver" uid="20109078" lat="27.7021342" lon="85.2818675"/>
 <node id="12578944299" visible="true" version="1" changeset="162391501" timestamp="2025-02-11T13:31:03Z" user="FaroRiver" uid="20109078" lat="27.6996955" lon="85.2816073"/>
 <node id="12869934885" visible="true" version="1" changeset="166851418" timestamp="2025-05-28T04:29:57Z" user="marek kleciak" uid="338611" lat="27.7031872" lon="85.3520648"/>
 <node id="12906024945" visible="true" version="1" changeset="167491234" timestamp="2025-06-11T13:11:20Z" user="marek kleciak" uid="338611" lat="27.7248728" lon="85.2979258">
  <tag k="crossing" v="uncontrolled"/>
  <tag k="crossing:markings" v="yes"/>
  <tag k="highway" v="crossing"/>
 </node>
 <node id="12906024946" visible="true" version="1" changeset="167491234" timestamp="2025-06-11T13:11:20Z" user="marek kleciak" uid="338611" lat="27.7246563" lon="85.2972471">
  <tag k="crossing" v="uncontrolled"/>
  <tag k="crossing:markings" v="yes"/>
  <tag k="highway" v="crossing"/>
 </node>
 <node id="12906024979" visible="true" version="1" changeset="167491234" timestamp="2025-06-11T13:11:20Z" user="marek kleciak" uid="338611" lat="27.7231108" lon="85.2941084"/>
 <node id="12920842402" visible="true" version="1" changeset="167726927" timestamp="2025-06-17T08:23:49Z" user="marek kleciak" uid="338611" lat="27.7307170" lon="85.3450031"/>
 <node id="12920887360" visible="true" version="1" changeset="167730410" timestamp="2025-06-17T09:56:47Z" user="marek kleciak" uid="338611" lat="27.7375624" lon="85.3406266"/>
 <node id="12920887361" visible="true" version="1" changeset="167730410" timestamp="2025-06-17T09:56:47Z" user="marek kleciak" uid="338611" lat="27.7418548" lon="85.3336057"/>
 <node id="12921055910" visible="true" version="2" changeset="168909739" timestamp="2025-07-14T10:38:00Z" user="marek kleciak" uid="338611" lat="27.7132537" lon="85.3454648">
  <tag k="crossing" v="marked"/>
  <tag k="crossing:island" v="no"/>
  <tag k="highway" v="crossing"/>
 </node>
 <node id="12921361320" visible="true" version="1" changeset="167738451" timestamp="2025-06-17T13:18:42Z" user="marek kleciak" uid="338611" lat="27.7304151" lon="85.3053314"/>
 <node id="12922597644" visible="true" version="1" changeset="167765371" timestamp="2025-06-18T05:52:51Z" user="marek kleciak" uid="338611" lat="27.7420975" lon="85.3329938"/>
 <node id="12922597645" visible="true" version="1" changeset="167765371" timestamp="2025-06-18T05:52:51Z" user="marek kleciak" uid="338611" lat="27.7421484" lon="85.3327485"/>
 <node id="12925208760" visible="true" version="1" changeset="167809003" timestamp="2025-06-19T06:02:17Z" user="marek kleciak" uid="338611" lat="27.7096561" lon="85.2827938"/>
 <node id="12925208768" visible="true" version="1" changeset="167809003" timestamp="2025-06-19T06:02:17Z" user="marek kleciak" uid="338611" lat="27.7188009" lon="85.2852151"/>
 <node id="12925208770" visible="true" version="1" changeset="167809003" timestamp="2025-06-19T06:02:17Z" user="marek kleciak" uid="338611" lat="27.7189174" lon="85.2854618"/>
 <node id="12989555495" visible="true" version="2" changeset="188748125" timestamp="2026-09-09T00:26:51Z" user="SpaceTracer" uid="9368502" lat="27.6875859" lon="85.3506999"/>
 <node id="13084857953" visible="true" version="1" changeset="170735986" timestamp="2025-08-20T16:19:07Z" user="HurdenShipCanal" uid="21470692" lat="27.7408507" lon="85.3297046"/>
 <node id="13084857954" visible="true" version="1" changeset="170735986" timestamp="2025-08-20T16:19:07Z" user="HurdenShipCanal" uid="21470692" lat="27.7397166" lon="85.3278602"/>
 <node id="13084857956" visible="true" version="1" changeset="170735986" timestamp="2025-08-20T16:19:07Z" user="HurdenShipCanal" uid="21470692" lat="27.7398844" lon="85.3281297"/>
 <node id="13084857957" visible="true" version="1" changeset="170735986" timestamp="2025-08-20T16:19:07Z" user="HurdenShipCanal" uid="21470692" lat="27.7389463" lon="85.3265708"/>
 <node id="13105353552" visible="true" version="1" changeset="171170996" timestamp="2025-08-29T08:30:51Z" user="Mand1p" uid="18238274" lat="27.7398525" lon="85.3374051"/>
 <node id="13109947334" visible="true" version="1" changeset="171254388" timestamp="2025-08-31T06:45:22Z" user="srj_panthee" uid="10018162" lat="27.6635576" lon="85.3295750"/>
 <node id="13109947335" visible="true" version="1" changeset="171254388" timestamp="2025-08-31T06:45:22Z" user="srj_panthee" uid="10018162" lat="27.6635076" lon="85.3296338"/>
 <node id="13109947336" visible="true" version="1" changeset="171254388" timestamp="2025-08-31T06:45:22Z" user="srj_panthee" uid="10018162" lat="27.6699510" lon="85.3376870"/>
 <node id="13109947337" visible="true" version="1" changeset="171254388" timestamp="2025-08-31T06:45:22Z" user="srj_panthee" uid="10018162" lat="27.6700032" lon="85.3376493"/>
 <node id="13114099724" visible="true" version="1" changeset="171348428" timestamp="2025-09-02T08:14:42Z" user="marek kleciak" uid="338611" lat="27.7274480" lon="85.3050194"/>
 <node id="13144481013" visible="true" version="1" changeset="171964695" timestamp="2025-09-15T12:56:08Z" user="SobatRiver" uid="22220192" lat="27.6884334" lon="85.2861997">
  <tag k="highway" v="crossing"/>
 </node>
 <node id="13144481016" visible="true" version="1" changeset="171964695" timestamp="2025-09-15T12:56:08Z" user="SobatRiver" uid="22220192" lat="27.6883656" lon="85.2861933">
  <tag k="highway" v="crossing"/>
 </node>
 <node id="13162029611" visible="true" version="1" changeset="172291495" timestamp="2025-09-22T12:10:21Z" user="IliamnaLake" uid="22220289" lat="27.6884907" lon="85.2857924"/>
 <node id="13162029612" visible="true" version="1" changeset="172291495" timestamp="2025-09-22T12:10:21Z" user="IliamnaLake" uid="22220289" lat="27.6884248" lon="85.2857790"/>
 <node id="13207826716" visible="true" version="1" changeset="173116504" timestamp="2025-10-10T23:42:15Z" user="Spaghetti Monster🍝" uid="8758904" lat="27.6666348" lon="85.3322078"/>
 <node id="13253615195" visible="true" version="1" changeset="173702902" timestamp="2025-10-24T07:02:03Z" user="Metauro" uid="20432920" lat="27.7270961" lon="85.3044602"/>
 <node id="13253615196" visible="true" version="1" changeset="173702902" timestamp="2025-10-24T07:02:03Z" user="Metauro" uid="20432920" lat="27.7271611" lon="85.3046024"/>
 <node id="13253615197" visible="true" version="1" changeset="173702902" timestamp="2025-10-24T07:02:03Z" user="Metauro" uid="20432920" lat="27.7269463" lon="85.3047072"/>
 <node id="13271628074" visible="true" version="1" changeset="174004003" timestamp="2025-10-31T05:21:23Z" user="LakeTyers" uid="19636697" lat="27.7065042" lon="85.2823994"/>
 <node id="13435800344" visible="true" version="1" changeset="176910042" timestamp="2026-01-06T16:11:48Z" user="UbangiRiver" uid="22557350" lat="27.7250679" lon="85.2987640"/>
 <node id="13435800351" visible="true" version="1" changeset="176910042" timestamp="2026-01-06T16:11:48Z" user="UbangiRiver" uid="22557350" lat="27.7250148" lon="85.2985367"/>
 <node id="13467872685" visible="true" version="1" changeset="177419624" timestamp="2026-01-19T10:50:53Z" user="marek kleciak" uid="338611" lat="27.6957383" lon="85.3550507"/>
 <node id="13893384973" visible="true" version="1" changeset="183343567" timestamp="2026-05-29T09:12:33Z" user="SurmaRiver" uid="23046137" lat="27.7205682" lon="85.2888265"/>
 <node id="13930703425" visible="true" version="1" changeset="184006685" timestamp="2026-06-12T09:07:00Z" user="yup_here" uid="23073042" lat="27.7351287" lon="85.3081216">
  <tag k="name" v="Naya Bus Park"/>
  <tag k="public_transport" v="stop_position"/>
 </node>
 <node id="13930703426" visible="true" version="1" changeset="184006685" timestamp="2026-06-12T09:07:00Z" user="yup_here" uid="23073042" lat="27.7352167" lon="85.3075842"/>
 <node id="13930703427" visible="true" version="1" changeset="184006685" timestamp="2026-06-12T09:07:00Z" user="yup_here" uid="23073042" lat="27.7351878" lon="85.3077534"/>
 <node id="14072453382" visible="true" version="1" changeset="186915800" timestamp="2026-08-04T10:22:46Z" user="MAP EDITORS NEPAL" uid="24382602" lat="27.7351342" lon="85.3185453">
  <tag k="crossing" v="uncontrolled"/>
  <tag k="crossing:markings" v="yes"/>
  <tag k="highway" v="crossing"/>
 </node>
 <node id="14072453383" visible="true" version="1" changeset="186915800" timestamp="2026-08-04T10:22:46Z" user="MAP EDITORS NEPAL" uid="24382602" lat="27.7348066" lon="85.3120522">
  <tag k="crossing" v="unmarked"/>
  <tag k="crossing:markings" v="no"/>
  <tag k="highway" v="crossing"/>
 </node>
 <node id="14141067297" visible="true" version="1" changeset="188393951" timestamp="2026-09-01T23:53:40Z" user="SpaceTracer" uid="9368502" lat="27.6786761" lon="85.3493889"/>
 <node id="14141067298" visible="true" version="1" changeset="188393951" timestamp="2026-09-01T23:53:40Z" user="SpaceTracer" uid="9368502" lat="27.6787739" lon="85.3493524"/>
 <node id="14141067300" visible="true" version="1" changeset="188393951" timestamp="2026-09-01T23:53:40Z" user="SpaceTracer" uid="9368502" lat="27.6786278" lon="85.3492973"/>
 <node id="14141137401" visible="true" version="1" changeset="188393951" timestamp="2026-09-01T23:53:40Z" user="SpaceTracer" uid="9368502" lat="27.6787122" lon="85.3494885"/>
 <node id="14141137402" visible="true" version="1" changeset="188393951" timestamp="2026-09-01T23:53:40Z" user="SpaceTracer" uid="9368502" lat="27.6787236" lon="85.3495810"/>
 <node id="14141137403" visible="true" version="1" changeset="188393951" timestamp="2026-09-01T23:53:40Z" user="SpaceTracer" uid="9368502" lat="27.6786968" lon="85.3494368"/>
 <node id="14141137404" visible="true" version="2" changeset="188748125" timestamp="2026-09-09T00:26:51Z" user="SpaceTracer" uid="9368502" lat="27.6787253" lon="85.3496863"/>
 <node id="14141137405" visible="true" version="1" changeset="188393951" timestamp="2026-09-01T23:53:40Z" user="SpaceTracer" uid="9368502" lat="27.6787201" lon="85.3495325"/>
 <node id="14141137406" visible="true" version="2" changeset="188748125" timestamp="2026-09-09T00:26:51Z" user="SpaceTracer" uid="9368502" lat="27.6788183" lon="85.3496813"/>
 <node id="14162432456" visible="true" version="1" changeset="188720265" timestamp="2026-09-08T12:35:15Z" user="LakeNakuru" uid="22951835" lat="27.7171424" lon="85.3465190"/>
 <node id="14165167988" visible="true" version="1" changeset="188748125" timestamp="2026-09-09T00:26:51Z" user="SpaceTracer" uid="9368502" lat="27.6809443" lon="85.3495945"/>
 <node id="14167684385" visible="true" version="1" changeset="188794700" timestamp="2026-09-09T21:49:19Z" user="SpaceTracer" uid="9368502" lat="27.7006668" lon="85.3536988"/>
 <node id="14167684386" visible="true" version="1" changeset="188794700" timestamp="2026-09-09T21:49:19Z" user="SpaceTracer" uid="9368502" lat="27.7011189" lon="85.3533481"/>
 <way id="4840304" visible="true" version="76" changeset="186915800" timestamp="2026-08-04T10:22:46Z" user="MAP EDITORS NEPAL" uid="24382602">
  <nd ref="13930703426"/>
  <nd ref="13930703427"/>
  <nd ref="13930703425"/>
  <nd ref="3068112428"/>
  <nd ref="1980624552"/>
  <nd ref="5312309763"/>
  <nd ref="5312309764"/>
  <nd ref="31152070"/>
  <nd ref="5312309765"/>
  <nd ref="5312309766"/>
  <nd ref="1278006200"/>
  <nd ref="31152072"/>
  <nd ref="5312309767"/>
  <nd ref="5312309768"/>
  <nd ref="14072453383"/>
  <nd ref="3141826385"/>
  <tag k="bicycle" v="yes"/>
  <tag k="cycleway" v="no"/>
  <tag k="highway" v="trunk"/>
  <tag k="int_name" v="Ring Road"/>
  <tag k="lanes" v="4"/>
  <tag k="maxspeed" v="40"/>
  <tag k="name" v="Kathmandu Ringroad"/>
  <tag k="name:ne" v="काठमाडाैँ चक्रपथ"/>
  <tag k="oneway" v="no"/>
  <tag k="ref" v="NH39"/>
  <tag k="source" v="Bing"/>
  <tag k="surface" v="paved"/>
  <tag k="watch:80n" v="Katmandu"/>
  <tag k="width" v="16"/>
 </way>
 <way id="170533892" visible="true" version="40" changeset="139668760" timestamp="2023-08-09T16:27:59Z" user="amritkarma" uid="680067">
  <nd ref="4879891022"/>
  <nd ref="6172544116"/>
  <nd ref="10945732640"/>
  <nd ref="31148043"/>
  <tag k="bicycle" v="yes"/>
  <tag k="cycleway" v="no"/>
  <tag k="highway" v="trunk"/>
  <tag k="int_name" v="Ring Road"/>
  <tag k="lanes" v="4"/>
  <tag k="name" v="Kathmandu Ringroad"/>
  <tag k="name:ne" v="काठमाडाैँ चक्रपथ"/>
  <tag k="oneway" v="no"/>
  <tag k="ref" v="NH39"/>
  <tag k="route" v="Kalanki-Lagankhel"/>
  <tag k="source" v="Bing"/>
  <tag k="surface" v="paved"/>
  <tag k="watch:80n" v="Katmandu"/>
  <tag k="width" v="14"/>
 </way>
 <way id="171599261" visible="true" version="38" changeset="172291495" timestamp="2025-09-22T12:10:21Z" user="IliamnaLake" uid="22220289">
  <nd ref="253302555"/>
  <nd ref="10926040524"/>
  <nd ref="10923440789"/>
  <nd ref="5312269028"/>
  <nd ref="1832500188"/>
  <nd ref="1123078970"/>
  <nd ref="360464968"/>
  <nd ref="764954196"/>
  <nd ref="10944006981"/>
  <nd ref="5312269033"/>
  <nd ref="8435846095"/>
  <nd ref="5284658791"/>
  <nd ref="4977163735"/>
  <nd ref="2062627955"/>
  <nd ref="36462724"/>
  <nd ref="5284658793"/>
  <nd ref="3355323496"/>
  <nd ref="36462723"/>
  <nd ref="5284658794"/>
  <nd ref="360826349"/>
  <nd ref="5284658795"/>
  <nd ref="5284658796"/>
  <nd ref="8435889430"/>
  <nd ref="10228012354"/>
  <nd ref="3485144357"/>
  <nd ref="3499585070"/>
  <nd ref="977632825"/>
  <nd ref="13144481016"/>
  <nd ref="13162029612"/>
  <nd ref="1954490337"/>
  <nd ref="3355323516"/>
  <nd ref="360464982"/>
  <nd ref="10923440775"/>
  <nd ref="10923440792"/>
  <nd ref="36462717"/>
  <nd ref="36462716"/>
  <nd ref="3355323502"/>
  <nd ref="5284658798"/>
  <nd ref="360464983"/>
  <tag k="bicycle" v="yes"/>
  <tag k="cycleway" v="no"/>
  <tag k="highway" v="trunk"/>
  <tag k="int_name" v="Ring Road"/>
  <tag k="int_ref" v="AH42"/>
  <tag k="lanes" v="2"/>
  <tag k="name" v="Kathmandu Ringroad"/>
  <tag k="name:ne" v="काठमाडाैँ चक्रपथ"/>
  <tag k="oneway" v="yes"/>
  <tag k="ref" v="NH39"/>
  <tag k="route" v="Kalanki-Lagankhel"/>
  <tag k="source" v="Bing"/>
  <tag k="surface" v="paved"/>
  <tag k="watch:80n" v="Katmandu"/>
  <tag k="width" v="7"/>
 </way>
 <way id="171603747" visible="true" version="36" changeset="139668760" timestamp="2023-08-09T16:27:59Z" user="amritkarma" uid="680067">
  <nd ref="31151483"/>
  <nd ref="10945732620"/>
  <nd ref="2242544899"/>
  <nd ref="1275597025"/>
  <tag k="bicycle" v="yes"/>
  <tag k="cycleway" v="no"/>
  <tag k="highway" v="trunk"/>
  <tag k="int_name" v="Ring Road"/>
  <tag k="lanes" v="4"/>
  <tag k="name" v="Kathmandu Ringroad"/>
  <tag k="name:ne" v="काठमाडाैँ चक्रपथ"/>
  <tag k="oneway" v="no"/>
  <tag k="ref" v="NH39"/>
  <tag k="source" v="Bing"/>
  <tag k="surface" v="paved"/>
  <tag k="watch:80n" v="Katmandu"/>
  <tag k="width" v="14"/>
 </way>
 <way id="172485293" visible="true" version="28" changeset="162391501" timestamp="2025-02-11T13:31:03Z" user="FaroRiver" uid="20109078">
  <nd ref="1960744487"/>
  <nd ref="10926734334"/>
  <nd ref="10921097923"/>
  <nd ref="10926720238"/>
  <nd ref="5312284383"/>
  <nd ref="10926720240"/>
  <nd ref="360826383"/>
  <tag k="bicycle" v="yes"/>
  <tag k="cycleway" v="no"/>
  <tag k="highway" v="trunk"/>
  <tag k="int_name" v="Ring Road"/>
  <tag k="lanes" v="2"/>
  <tag k="name" v="Kathmandu Ringroad"/>
  <tag k="name:ne" v="काठमाडाैँ चक्रपथ"/>
  <tag k="oneway" v="yes"/>
  <tag k="ref" v="NH39"/>
  <tag k="source" v="Bing"/>
  <tag k="surface" v="paved"/>
  <tag k="watch:80n" v="Katmandu"/>
  <tag k="width" v="12"/>
 </way>
 <way id="175587305" visible="true" version="30" changeset="139661187" timestamp="2023-08-09T13:44:41Z" user="amritkarma" uid="680067">
  <nd ref="1497531299"/>
  <nd ref="9662901189"/>
  <nd ref="1496605712"/>
  <nd ref="9662901188"/>
  <nd ref="9662901187"/>
  <nd ref="9662901186"/>
  <nd ref="10926005604"/>
  <nd ref="9662901185"/>
  <nd ref="9662901183"/>
  <nd ref="9662901182"/>
  <nd ref="9662901181"/>
  <nd ref="9662901180"/>
  <nd ref="1496605759"/>
  <tag k="alt_name" v="Bagdole (Pattipa) Ring Road"/>
  <tag k="bicycle" v="yes"/>
  <tag k="cycleway" v="no"/>
  <tag k="highway" v="trunk"/>
  <tag k="int_name" v="Ring Road"/>
  <tag k="int_ref" v="AH42"/>
  <tag k="lanes" v="2"/>
  <tag k="name" v="Kathmandu Ringroad"/>
  <tag k="name:ne" v="काठमाडाैँ चक्रपथ"/>
  <tag k="oneway" v="yes"/>
  <tag k="ref" v="NH39"/>
  <tag k="source" v="Bing"/>
  <tag k="surface" v="paved"/>
  <tag k="width" v="7"/>
 </way>
 <way id="175587327" visible="true" version="18" changeset="139660353" timestamp="2023-08-09T13:27:10Z" user="amritkarma" uid="680067">
  <nd ref="360464983"/>
  <nd ref="10944006974"/>
  <nd ref="1931790477"/>
  <nd ref="2342349321"/>
  <tag k="bicycle" v="yes"/>
  <tag k="cycleway" v="no"/>
  <tag k="foot" v="designated"/>
  <tag k="highway" v="trunk"/>
  <tag k="int_name" v="Ring Road"/>
  <tag k="int_ref" v="AH42"/>
  <tag k="lanes" v="2"/>
  <tag k="name" v="Kathmandu Ringroad"/>
  <tag k="name:ne" v="काठमाडाैँ चक्रपथ"/>
  <tag k="oneway" v="yes"/>
  <tag k="ref" v="NH39"/>
  <tag k="route" v="Kalanki-Lagankhel"/>
  <tag k="source" v="Bing"/>
  <tag k="surface" v="paved"/>
  <tag k="watch:80n" v="Katmandu"/>
  <tag k="width" v="7"/>
 </way>
 <way id="176147961" visible="true" version="17" changeset="139669674" timestamp="2023-08-09T16:53:22Z" user="amritkarma" uid="680067">
  <nd ref="31303549"/>
  <nd ref="5312309761"/>
  <nd ref="5312309759"/>
  <nd ref="5312309760"/>
  <nd ref="9964770280"/>
  <nd ref="31152064"/>
  <nd ref="5312309758"/>
  <nd ref="31152065"/>
  <nd ref="3068114854"/>
  <nd ref="3485029240"/>
  <tag k="bicycle" v="yes"/>
  <tag k="cycleway" v="no"/>
  <tag k="highway" v="trunk"/>
  <tag k="int_name" v="Ring Road"/>
  <tag k="lanes" v="4"/>
  <tag k="name" v="Kathmandu Ringroad"/>
  <tag k="name:ne" v="काठमाडाैँ चक्रपथ"/>
  <tag k="oneway" v="no"/>
  <tag k="ref" v="NH39"/>
  <tag k="source" v="Bing"/>
  <tag k="surface" v="paved"/>
  <tag k="watch:80n" v="Katmandu"/>
  <tag k="width" v="16"/>
 </way>
 <way id="176147962" visible="true" version="29" changeset="171348428" timestamp="2025-09-02T08:14:42Z" user="marek kleciak" uid="338611">
  <nd ref="3068103230"/>
  <nd ref="10926314501"/>
  <nd ref="10926314502"/>
  <nd ref="10926314503"/>
  <nd ref="10926314504"/>
  <nd ref="10926321905"/>
  <nd ref="10926321906"/>
  <nd ref="10926321907"/>
  <nd ref="9964778021"/>
  <nd ref="9964770311"/>
  <nd ref="9964770310"/>
  <nd ref="9964770309"/>
  <nd ref="10944384881"/>
  <nd ref="12921361320"/>
  <nd ref="10590405985"/>
  <nd ref="9964770299"/>
  <nd ref="9964770276"/>
  <tag k="bicycle" v="yes"/>
  <tag k="cycleway" v="no"/>
  <tag k="highway" v="trunk"/>
  <tag k="int_name" v="Ring Road"/>
  <tag k="lanes" v="4"/>
  <tag k="name" v="Kathmandu Ringroad"/>
  <tag k="name:ne" v="काठमाडाैँ चक्रपथ"/>
  <tag k="oneway" v="no"/>
  <tag k="ref" v="NH39"/>
  <tag k="route" v="Micro"/>
  <tag k="source" v="Bing"/>
  <tag k="surface" v="paved"/>
  <tag k="type" v="route"/>
  <tag k="watch:80n" v="Katmandu"/>
  <tag k="width" v="16"/>
 </way>
 <way id="180152353" visible="true" version="23" changeset="139660973" timestamp="2023-08-09T13:39:32Z" user="amritkarma" uid="680067">
  <nd ref="1905826405"/>
  <nd ref="10944006997"/>
  <nd ref="3355323528"/>
  <nd ref="10944006989"/>
  <nd ref="564118343"/>
  <tag k="bicycle" v="yes"/>
  <tag k="cycleway" v="no"/>
  <tag k="highway" v="trunk"/>
  <tag k="int_name" v="Ring Road"/>
  <tag k="int_ref" v="AH42"/>
  <tag k="lanes" v="2"/>
  <tag k="name" v="Kathmandu Ringroad"/>
  <tag k="name:ne" v="काठमाडाैँ चक्रपथ"/>
  <tag k="oneway" v="yes"/>
  <tag k="ref" v="NH39"/>
  <tag k="route" v="Kalanki-Lagankhel"/>
  <tag k="source" v="Bing"/>
  <tag k="surface" v="paved"/>
  <tag k="time" v="4 am to 8 pm"/>
  <tag k="watch:80n" v="Katmandu"/>
  <tag k="width" v="7"/>
 </way>
 <way id="180216483" visible="true" version="35" changeset="139668896" timestamp="2023-08-09T16:31:44Z" user="amritkarma" uid="680067">
  <nd ref="2010535721"/>
  <nd ref="1835421180"/>
  <nd ref="10945732608"/>
  <nd ref="9835712871"/>
  <nd ref="2687304761"/>
  <nd ref="2010535716"/>
  <nd ref="9835712867"/>
  <tag k="bicycle" v="yes"/>
  <tag k="cycleway" v="no"/>
  <tag k="highway" v="trunk"/>
  <tag k="int_name" v="Ring Road"/>
  <tag k="lanes" v="2"/>
  <tag k="name" v="Kathmandu Ringroad"/>
  <tag k="name:ne" v="काठमाडाैँ चक्रपथ"/>
  <tag k="oneway" v="yes"/>
  <tag k="ref" v="NH39"/>
  <tag k="source" v="Bing"/>
  <tag k="surface" v="paved"/>
  <tag k="watch:80n" v="Katmandu"/>
  <tag k="width" v="14"/>
 </way>
 <way id="180373622" visible="true" version="28" changeset="167726927" timestamp="2025-06-17T08:23:49Z" user="marek kleciak" uid="338611">
  <nd ref="1523319418"/>
  <nd ref="5312333291"/>
  <nd ref="9931303195"/>
  <nd ref="2516037710"/>
  <nd ref="2169446234"/>
  <nd ref="31152143"/>
  <nd ref="5312333290"/>
  <nd ref="31152142"/>
  <nd ref="3355857291"/>
  <nd ref="5312333289"/>
  <nd ref="480429533"/>
  <nd ref="31152139"/>
  <nd ref="1957364453"/>
  <nd ref="3355857270"/>
  <nd ref="3355859399"/>
  <nd ref="1957364482"/>
  <nd ref="2396102542"/>
  <nd ref="1143813991"/>
  <tag k="bicycle" v="yes"/>
  <tag k="cycleway" v="no"/>
  <tag k="highway" v="trunk"/>
  <tag k="int_name" v="Ring Road"/>
  <tag k="lanes" v="4"/>
  <tag k="name" v="Kathmandu Ringroad"/>
  <tag k="name:ne" v="काठमाडाैँ चक्रपथ"/>
  <tag k="ref" v="NH39"/>
  <tag k="source" v="Bing"/>
  <tag k="surface" v="paved"/>
  <tag k="watch:80n" v="Katmandu"/>
  <tag k="width" v="14"/>
 </way>
 <way id="180373624" visible="true" version="13" changeset="139668760" timestamp="2023-08-09T16:27:59Z" user="amritkarma" uid="680067">
  <nd ref="1896040461"/>
  <nd ref="4992350222"/>
  <tag k="bicycle" v="yes"/>
  <tag k="bridge" v="yes"/>
  <tag k="cycleway" v="no"/>
  <tag k="highway" v="trunk"/>
  <tag k="int_name" v="Ring Road"/>
  <tag k="lanes" v="4"/>
  <tag k="layer" v="2"/>
  <tag k="name" v="Kathmandu Ringroad"/>
  <tag k="name:ne" v="काठमाडाैँ चक्रपथ"/>
  <tag k="oneway" v="no"/>
  <tag k="ref" v="NH39"/>
  <tag k="source" v="Bing"/>
  <tag k="surface" v="paved"/>
  <tag k="watch:80n" v="Katmandu"/>
  <tag k="width" v="14"/>
 </way>
 <way id="183827054" visible="true" version="14" changeset="167813470" timestamp="2025-06-19T08:15:50Z" user="marek kleciak" uid="338611">
  <nd ref="1280128354"/>
  <nd ref="3517471167"/>
  <tag k="bicycle" v="yes"/>
  <tag k="cycleway" v="no"/>
  <tag k="highway" v="trunk"/>
  <tag k="int_name" v="Ring Road"/>
  <tag k="int_ref" v="AH42"/>
  <tag k="lanes" v="2"/>
  <tag k="name" v="Kathmandu Ringroad"/>
  <tag k="name:ne" v="काठमाडाैँ चक्रपथ"/>
  <tag k="oneway" v="yes"/>
  <tag k="ref" v="NH39"/>
  <tag k="route" v="Kalanki-Lagankhel"/>
  <tag k="source" v="Bing"/>
  <tag k="surface" v="paved"/>
  <tag k="time" v="4 am to 8 pm"/>
  <tag k="watch:80n" v="Katmandu"/>
  <tag k="width" v="7"/>
 </way>
 <way id="183827055" visible="true" version="34" changeset="173116504" timestamp="2025-10-10T23:42:15Z" user="Spaghetti Monster🍝" uid="8758904">
  <nd ref="13109947336"/>
  <nd ref="3514803746"/>
  <nd ref="1960753156"/>
  <nd ref="3514803754"/>
  <nd ref="1960753160"/>
  <nd ref="3514803768"/>
  <nd ref="5310894608"/>
  <nd ref="1960753154"/>
  <nd ref="5310894610"/>
  <nd ref="2314314824"/>
  <nd ref="10921122123"/>
  <nd ref="13207826716"/>
  <tag k="bicycle" v="yes"/>
  <tag k="bridge" v="yes"/>
  <tag k="cycleway" v="no"/>
  <tag k="foot" v="no"/>
  <tag k="highway" v="trunk"/>
  <tag k="int_name" v="Ring Road"/>
  <tag k="int_ref" v="AH42"/>
  <tag k="lanes" v="2"/>
  <tag k="layer" v="1"/>
  <tag k="name" v="Kathmandu Ringroad"/>
  <tag k="name:ne" v="काठमाडाैँ चक्रपथ"/>
  <tag k="oneway" v="yes"/>
  <tag k="ref" v="NH39"/>
  <tag k="route" v="Kalanki-Lagankhel"/>
  <tag k="source" v="Bing"/>
  <tag k="surface" v="paved"/>
  <tag k="time" v="4 am to 8 pm"/>
  <tag k="watch:80n" v="Katmandu"/>
  <tag k="width" v="7"/>
 </way>
 <way id="184872593" visible="true" version="9" changeset="139659624" timestamp="2023-08-09T13:11:06Z" user="amritkarma" uid="680067">
  <nd ref="1954472559"/>
  <nd ref="7312479556"/>
  <nd ref="1954472560"/>
  <tag k="bicycle" v="yes"/>
  <tag k="bridge" v="yes"/>
  <tag k="cycleway" v="no"/>
  <tag k="highway" v="trunk"/>
  <tag k="int_name" v="Ring Road"/>
  <tag k="lanes" v="4"/>
  <tag k="layer" v="1"/>
  <tag k="name" v="Kathmandu Ringroad"/>
  <tag k="name:ne" v="काठमाडाैँ चक्रपथ"/>
  <tag k="oneway" v="no"/>
  <tag k="ref" v="NH39"/>
  <tag k="source" v="Bing"/>
  <tag k="surface" v="paved"/>
  <tag k="watch:80n" v="Katmandu"/>
  <tag k="width" v="14"/>
 </way>
 <way id="184872594" visible="true" version="34" changeset="174004003" timestamp="2025-10-31T05:21:23Z" user="LakeTyers" uid="19636697">
  <nd ref="1954472560"/>
  <nd ref="12578944299"/>
  <nd ref="7312479554"/>
  <nd ref="1954481889"/>
  <nd ref="4909674696"/>
  <nd ref="4909674701"/>
  <nd ref="12578944298"/>
  <nd ref="4909674706"/>
  <nd ref="1989319135"/>
  <nd ref="12578944293"/>
  <nd ref="10015413476"/>
  <nd ref="12578944295"/>
  <nd ref="3097524603"/>
  <nd ref="728152927"/>
  <nd ref="10926720251"/>
  <nd ref="13271628074"/>
  <nd ref="10926720252"/>
  <nd ref="10923550412"/>
  <nd ref="1497194463"/>
  <tag k="bicycle" v="yes"/>
  <tag k="cycleway" v="no"/>
  <tag k="highway" v="trunk"/>
  <tag k="int_name" v="Ring Road"/>
  <tag k="lanes" v="4"/>
  <tag k="name" v="Kathmandu Ringroad"/>
  <tag k="name:ne" v="काठमाडाैँ चक्रपथ"/>
  <tag k="oneway" v="no"/>
  <tag k="ref" v="NH39"/>
  <tag k="source" v="Bing"/>
  <tag k="surface" v="paved"/>
  <tag k="watch:80n" v="Katmandu"/>
  <tag k="width" v="16"/>
 </way>
 <way id="185470054" visible="true" version="10" changeset="139660973" timestamp="2023-08-09T13:39:32Z" user="amritkarma" uid="680067">
  <nd ref="1960744495"/>
  <nd ref="1905826405"/>
  <tag k="bicycle" v="yes"/>
  <tag k="bridge" v="yes"/>
  <tag k="cycleway" v="no"/>
  <tag k="highway" v="trunk"/>
  <tag k="int_name" v="Ring Road"/>
  <tag k="int_ref" v="AH42"/>
  <tag k="lanes" v="2"/>
  <tag k="layer" v="1"/>
  <tag k="name" v="Kathmandu Ringroad"/>
  <tag k="name:ne" v="काठमाडाैँ चक्रपथ"/>
  <tag k="oneway" v="yes"/>
  <tag k="ref" v="NH39"/>
  <tag k="source" v="Bing"/>
  <tag k="surface" v="paved"/>
  <tag k="watch:80n" v="Katmandu"/>
  <tag k="width" v="7"/>
 </way>
 <way id="190532597" visible="true" version="13" changeset="139668760" timestamp="2023-08-09T16:27:59Z" user="amritkarma" uid="680067">
  <nd ref="2011801802"/>
  <nd ref="1280126224"/>
  <tag k="bicycle" v="yes"/>
  <tag k="bridge" v="yes"/>
  <tag k="cycleway" v="no"/>
  <tag k="highway" v="trunk"/>
  <tag k="int_name" v="Ring Road"/>
  <tag k="lanes" v="4"/>
  <tag k="layer" v="1"/>
  <tag k="name" v="Kathmandu Ringroad"/>
  <tag k="name:ne" v="काठमाडाैँ चक्रपथ"/>
  <tag k="oneway" v="no"/>
  <tag k="ref" v="NH39"/>
  <tag k="route" v="Kalanki-Lagankhel"/>
  <tag k="source" v="Bing"/>
  <tag k="surface" v="paved"/>
  <tag k="watch:80n" v="Katmandu"/>
  <tag k="width" v="14"/>
 </way>
 <way id="190532598" visible="true" version="33" changeset="188794700" timestamp="2026-09-09T21:49:19Z" user="SpaceTracer" uid="9368502">
  <nd ref="1280126224"/>
  <nd ref="2011801803"/>
  <nd ref="10945732648"/>
  <nd ref="31148061"/>
  <nd ref="9513872267"/>
  <nd ref="3047043254"/>
  <nd ref="2011801804"/>
  <nd ref="3047043256"/>
  <nd ref="3047043284"/>
  <nd ref="9529709090"/>
  <nd ref="31148062"/>
  <nd ref="3047043236"/>
  <nd ref="31148063"/>
  <nd ref="3047043321"/>
  <nd ref="6522177621"/>
  <nd ref="3047041125"/>
  <nd ref="31148064"/>
  <nd ref="10945732650"/>
  <nd ref="3047043325"/>
  <nd ref="10945732651"/>
  <nd ref="31148065"/>
  <nd ref="6262609007"/>
  <nd ref="10945732652"/>
  <nd ref="6172544117"/>
  <nd ref="12869934885"/>
  <nd ref="360695526"/>
  <nd ref="3047043276"/>
  <nd ref="9529709099"/>
  <nd ref="31148072"/>
  <nd ref="9529545352"/>
  <nd ref="6262609009"/>
  <nd ref="10945732663"/>
  <nd ref="1280126353"/>
  <nd ref="4331913155"/>
  <nd ref="10945732653"/>
  <nd ref="9529709106"/>
  <nd ref="10945732655"/>
  <nd ref="9622793085"/>
  <nd ref="14167684386"/>
  <nd ref="7070924813"/>
  <nd ref="2021285801"/>
  <nd ref="14167684385"/>
  <nd ref="31147572"/>
  <tag k="bicycle" v="yes"/>
  <tag k="cycleway" v="no"/>
  <tag k="highway" v="trunk"/>
  <tag k="int_name" v="Ring Road"/>
  <tag k="lanes" v="4"/>
  <tag k="name" v="Kathmandu Ringroad"/>
  <tag k="name:ne" v="काठमाडाैँ चक्रपथ"/>
  <tag k="oneway" v="no"/>
  <tag k="ref" v="NH39"/>
  <tag k="route" v="Kalanki-Lagankhel"/>
  <tag k="shoulder" v="no"/>
  <tag k="source" v="Bing"/>
  <tag k="surface" v="paved"/>
  <tag k="watch:80n" v="Katmandu"/>
  <tag k="width" v="14"/>
 </way>
 <way id="190889376" visible="true" version="13" changeset="139668760" timestamp="2023-08-09T16:27:59Z" user="amritkarma" uid="680067">
  <nd ref="4992350222"/>
  <nd ref="2014894842"/>
  <nd ref="10945722502"/>
  <nd ref="1523319418"/>
  <tag k="bicycle" v="yes"/>
  <tag k="cycleway" v="no"/>
  <tag k="highway" v="trunk"/>
  <tag k="int_name" v="Ring Road"/>
  <tag k="lanes" v="4"/>
  <tag k="name" v="Kathmandu Ringroad"/>
  <tag k="name:ne" v="काठमाडाैँ चक्रपथ"/>
  <tag k="oneway" v="no"/>
  <tag k="ref" v="NH39"/>
  <tag k="source" v="Bing"/>
  <tag k="surface" v="paved"/>
  <tag k="watch:80n" v="Katmandu"/>
  <tag k="width" v="14"/>
 </way>
 <way id="193085043" visible="true" version="33" changeset="171254388" timestamp="2025-08-31T06:45:22Z" user="srj_panthee" uid="10018162">
  <nd ref="1751049605"/>
  <nd ref="6275508291"/>
  <nd ref="6275508290"/>
  <nd ref="6275508289"/>
  <nd ref="10926005591"/>
  <nd ref="6275508288"/>
  <nd ref="6275508287"/>
  <nd ref="6275508286"/>
  <nd ref="6275508285"/>
  <nd ref="6275508284"/>
  <nd ref="6275508283"/>
  <nd ref="6275508282"/>
  <nd ref="6275508281"/>
  <nd ref="6275508280"/>
  <nd ref="6275508279"/>
  <nd ref="6275508278"/>
  <nd ref="10926005603"/>
  <nd ref="6275508277"/>
  <nd ref="1871829961"/>
  <nd ref="10926005602"/>
  <nd ref="6275508276"/>
  <nd ref="6275508275"/>
  <nd ref="6275508274"/>
  <nd ref="6275508273"/>
  <nd ref="6275508270"/>
  <nd ref="6275508269"/>
  <nd ref="6275508268"/>
  <nd ref="6275508264"/>
  <nd ref="6275508263"/>
  <nd ref="6275508262"/>
  <nd ref="6275508261"/>
  <nd ref="6275508260"/>
  <nd ref="6275508259"/>
  <nd ref="9916618351"/>
  <nd ref="1496573277"/>
  <nd ref="10945732709"/>
  <nd ref="6275508258"/>
  <nd ref="6275508257"/>
  <nd ref="6275508256"/>
  <nd ref="6275508255"/>
  <nd ref="2164900451"/>
  <nd ref="6275508253"/>
  <nd ref="6275508252"/>
  <nd ref="6275508251"/>
  <nd ref="6275508250"/>
  <nd ref="1832603431"/>
  <nd ref="6275508249"/>
  <nd ref="6275508248"/>
  <nd ref="6275508246"/>
  <nd ref="6275508245"/>
  <nd ref="6275508244"/>
  <nd ref="6275508242"/>
  <nd ref="6275508241"/>
  <nd ref="6275508240"/>
  <nd ref="1966262297"/>
  <nd ref="6275508239"/>
  <nd ref="6275508236"/>
  <nd ref="10945732699"/>
  <nd ref="10922217202"/>
  <nd ref="10922217203"/>
  <nd ref="10922217204"/>
  <nd ref="10945732692"/>
  <nd ref="10925907341"/>
  <nd ref="10922217180"/>
  <nd ref="10922217182"/>
  <nd ref="10922217183"/>
  <nd ref="10922217184"/>
  <nd ref="10922217185"/>
  <nd ref="10922217186"/>
  <nd ref="10922217187"/>
  <nd ref="10945732688"/>
  <nd ref="10922217188"/>
  <nd ref="10922217189"/>
  <nd ref="10922217190"/>
  <nd ref="10922227605"/>
  <nd ref="10922217191"/>
  <nd ref="10922217192"/>
  <nd ref="10922217193"/>
  <nd ref="10922217194"/>
  <nd ref="10922217195"/>
  <nd ref="10922217196"/>
  <nd ref="10922217197"/>
  <nd ref="10922217198"/>
  <nd ref="10922217199"/>
  <nd ref="10922217200"/>
  <nd ref="10922217201"/>
  <nd ref="10945732682"/>
  <nd ref="1667090463"/>
  <nd ref="10929897543"/>
  <nd ref="10922217165"/>
  <nd ref="10922217178"/>
  <nd ref="10922217166"/>
  <nd ref="10922217167"/>
  <nd ref="10922217168"/>
  <nd ref="10922217169"/>
  <nd ref="10922217170"/>
  <nd ref="10922217179"/>
  <nd ref="10922217171"/>
  <nd ref="10922217172"/>
  <nd ref="10922217173"/>
  <nd ref="10922217174"/>
  <nd ref="10922217175"/>
  <nd ref="10922217176"/>
  <nd ref="10922217177"/>
  <nd ref="6275508198"/>
  <nd ref="10922217164"/>
  <nd ref="13109947334"/>
  <tag k="highway" v="trunk"/>
  <tag k="lanes" v="2"/>
  <tag k="maxspeed" v="50"/>
  <tag k="name" v="Kathmandu Ringroad"/>
  <tag k="name:ne" v="काठमाडाैँ चक्रपथ"/>
  <tag k="oneway" v="yes"/>
  <tag k="ref" v="NH39"/>
  <tag k="surface" v="asphalt"/>
  <tag k="width" v="6"/>
 </way>
 <way id="193289325" visible="true" version="17" changeset="139668204" timestamp="2023-08-09T16:13:55Z" user="amritkarma" uid="680067">
  <nd ref="5645760469"/>
  <nd ref="9998042570"/>
  <nd ref="8962128088"/>
  <nd ref="3045212597"/>
  <nd ref="3045212593"/>
  <nd ref="2038006738"/>
  <tag k="bicycle" v="yes"/>
  <tag k="cycleway" v="no"/>
  <tag k="highway" v="trunk"/>
  <tag k="int_name" v="Ring Road"/>
  <tag k="lanes" v="4"/>
  <tag k="name" v="Kathmandu Ringroad"/>
  <tag k="name:ne" v="काठमाडाैँ चक्रपथ"/>
  <tag k="oneway" v="yes"/>
  <tag k="ref" v="NH39"/>
  <tag k="route" v="Kalanki-Lagankhel"/>
  <tag k="source" v="Bing"/>
  <tag k="surface" v="paved"/>
  <tag k="watch:80n" v="Katmandu"/>
  <tag k="width" v="9"/>
 </way>
 <way id="193289326" visible="true" version="28" changeset="188393951" timestamp="2026-09-01T23:53:40Z" user="SpaceTracer" uid="9368502">
  <nd ref="14141137405"/>
  <nd ref="6275508137"/>
  <nd ref="9992874719"/>
  <nd ref="1909209730"/>
  <nd ref="10060729110"/>
  <nd ref="1899616705"/>
  <nd ref="10060729112"/>
  <nd ref="5645760470"/>
  <tag k="alt_name" v="Araniko Highway"/>
  <tag k="bicycle" v="yes"/>
  <tag k="cycleway" v="no"/>
  <tag k="foot" v="designated"/>
  <tag k="highway" v="trunk"/>
  <tag k="int_name" v="Ring Road"/>
  <tag k="lanes" v="2"/>
  <tag k="maxspeed" v="40"/>
  <tag k="name" v="Kathmandu Ringroad"/>
  <tag k="name:ne" v="काठमाडाैँ चक्रपथ"/>
  <tag k="oneway" v="yes"/>
  <tag k="ref" v="NH39"/>
  <tag k="ref:old" v="NH34;NH39"/>
  <tag k="route" v="Kalanki-Lagankhel"/>
  <tag k="sidewalk" v="left"/>
  <tag k="source" v="Bing"/>
  <tag k="surface" v="asphalt"/>
  <tag k="watch:80n" v="Katmandu"/>
  <tag k="width" v="9"/>
 </way>
 <way id="193289327" visible="true" version="21" changeset="188748125" timestamp="2026-09-09T00:26:51Z" user="SpaceTracer" uid="9368502">
  <nd ref="3045212619"/>
  <nd ref="11555862808"/>
  <nd ref="268308347"/>
  <nd ref="5645760471"/>
  <nd ref="14165167988"/>
  <nd ref="9992874720"/>
  <nd ref="5645760472"/>
  <nd ref="14141137406"/>
  <nd ref="14141137404"/>
  <tag k="alt_name" v="Araniko Highway"/>
  <tag k="highway" v="trunk"/>
  <tag k="int_name" v="Ring Road"/>
  <tag k="lanes" v="2"/>
  <tag k="lit" v="yes"/>
  <tag k="maxspeed" v="40"/>
  <tag k="name" v="Kathmandu Ringroad"/>
  <tag k="name:ne" v="काठमाडाैँ चक्रपथ"/>
  <tag k="oneway" v="yes"/>
  <tag k="ref" v="NH39"/>
  <tag k="ref:old" v="NH34;NH39"/>
  <tag k="sidewalk" v="left"/>
  <tag k="source" v="Bing"/>
  <tag k="surface" v="asphalt"/>
  <tag k="watch:80n" v="Katmandu"/>
  <tag k="width" v="9"/>
 </way>
 <way id="195858821" visible="true" version="11" changeset="136829478" timestamp="2023-06-01T12:36:41Z" user="Heinz_V" uid="91490">
  <nd ref="945656945"/>
  <nd ref="10944007001"/>
  <nd ref="253302555"/>
  <tag k="bicycle" v="yes"/>
  <tag k="cycleway" v="no"/>
  <tag k="foot" v="designated"/>
  <tag k="highway" v="trunk"/>
  <tag k="int_name" v="Ring Road"/>
  <tag k="int_ref" v="AH42"/>
  <tag k="lanes" v="2"/>
  <tag k="name" v="Kathmandu Ringroad"/>
  <tag k="name:ne" v="काठमाडाैँ चक्रपथ"/>
  <tag k="oneway" v="yes"/>
  <tag k="ref" v="NH39"/>
  <tag k="route" v="Kalanki-Lagankhel"/>
  <tag k="source" v="Bing"/>
  <tag k="surface" v="paved"/>
  <tag k="watch:80n" v="Katmandu"/>
 </way>
 <way id="195858822" visible="true" version="14" changeset="139660973" timestamp="2023-08-09T13:39:32Z" user="amritkarma" uid="680067">
  <nd ref="564118343"/>
  <nd ref="945656945"/>
  <tag k="bicycle" v="yes"/>
  <tag k="bridge" v="yes"/>
  <tag k="cycleway" v="no"/>
  <tag k="foot" v="designated"/>
  <tag k="highway" v="trunk"/>
  <tag k="int_name" v="Ring Road"/>
  <tag k="int_ref" v="AH42"/>
  <tag k="lanes" v="2"/>
  <tag k="layer" v="1"/>
  <tag k="name" v="Kathmandu Ringroad"/>
  <tag k="name:ne" v="काठमाडाैँ चक्रपथ"/>
  <tag k="oneway" v="yes"/>
  <tag k="ref" v="NH39"/>
  <tag k="route" v="Kalanki-Lagankhel"/>
  <tag k="source" v="Bing"/>
  <tag k="surface" v="paved"/>
  <tag k="time" v="4 am to 8 pm"/>
  <tag k="watch:80n" v="Katmandu"/>
  <tag k="width" v="7"/>
 </way>
 <way id="196277319" visible="true" version="23" changeset="167813470" timestamp="2025-06-19T08:15:50Z" user="marek kleciak" uid="338611">
  <nd ref="1924770794"/>
  <nd ref="1924770781"/>
  <nd ref="31304220"/>
  <nd ref="6287083162"/>
  <nd ref="31304219"/>
  <nd ref="5302200683"/>
  <nd ref="5310894605"/>
  <nd ref="3343802041"/>
  <nd ref="5310894606"/>
  <nd ref="31304217"/>
  <nd ref="1926678600"/>
  <nd ref="1924771869"/>
  <nd ref="1317078042"/>
  <tag k="bicycle" v="yes"/>
  <tag k="cycleway" v="no"/>
  <tag k="highway" v="trunk"/>
  <tag k="int_name" v="Ring Road"/>
  <tag k="int_ref" v="AH42"/>
  <tag k="lanes" v="2"/>
  <tag k="name" v="Kathmandu Ringroad"/>
  <tag k="name:ne" v="काठमाडाैँ चक्रपथ"/>
  <tag k="oneway" v="yes"/>
  <tag k="ref" v="NH39"/>
  <tag k="route" v="Kalanki-Lagankhel"/>
  <tag k="source" v="Bing"/>
  <tag k="surface" v="paved"/>
  <tag k="time" v="4 am to 8 pm"/>
  <tag k="watch:80n" v="Katmandu"/>
  <tag k="width" v="7"/>
 </way>
 <way id="215507254" visible="true" version="14" changeset="139668204" timestamp="2023-08-09T16:13:55Z" user="amritkarma" uid="680067">
  <nd ref="1835392122"/>
  <nd ref="10945732672"/>
  <nd ref="1960142038"/>
  <nd ref="31147687"/>
  <tag k="bicycle" v="yes"/>
  <tag k="cycleway" v="no"/>
  <tag k="highway" v="trunk"/>
  <tag k="int_name" v="Ring Road"/>
  <tag k="lanes" v="4"/>
  <tag k="name" v="Kathmandu Ringroad"/>
  <tag k="name:ne" v="काठमाडाैँ चक्रपथ"/>
  <tag k="oneway" v="no"/>
  <tag k="ref" v="NH39"/>
  <tag k="route" v="Kalanki-Lagankhel"/>
  <tag k="source" v="Bing"/>
  <tag k="surface" v="paved"/>
  <tag k="watch:80n" v="Katmandu"/>
  <tag k="width" v="14"/>
 </way>
 <way id="215507255" visible="true" version="14" changeset="188393951" timestamp="2026-09-01T23:53:40Z" user="SpaceTracer" uid="9368502">
  <nd ref="14141137405"/>
  <nd ref="14141137401"/>
  <nd ref="14141137403"/>
  <nd ref="14141067297"/>
  <nd ref="14141067300"/>
  <nd ref="10918280101"/>
  <nd ref="1942462680"/>
  <tag k="bicycle" v="yes"/>
  <tag k="cycleway" v="no"/>
  <tag k="foot" v="designated"/>
  <tag k="highway" v="trunk"/>
  <tag k="int_name" v="Ring Road"/>
  <tag k="int_ref" v="AH42"/>
  <tag k="lanes" v="4"/>
  <tag k="name" v="Kathmandu Ringroad"/>
  <tag k="name:ne" v="काठमाडाैँ चक्रपथ"/>
  <tag k="oneway" v="yes"/>
  <tag k="ref" v="NH39"/>
  <tag k="route" v="Kalanki-Lagankhel"/>
  <tag k="source" v="Bing"/>
  <tag k="surface" v="paved"/>
  <tag k="watch:80n" v="Katmandu"/>
  <tag k="width" v="14"/>
 </way>
 <way id="215507256" visible="true" version="14" changeset="139668204" timestamp="2023-08-09T16:13:55Z" user="amritkarma" uid="680067">
  <nd ref="31150664"/>
  <nd ref="5597223708"/>
  <nd ref="5597223713"/>
  <nd ref="1273515748"/>
  <tag k="bicycle" v="yes"/>
  <tag k="cycleway" v="no"/>
  <tag k="highway" v="trunk"/>
  <tag k="int_name" v="Ring Road"/>
  <tag k="lanes" v="2"/>
  <tag k="name" v="Kathmandu Ringroad"/>
  <tag k="oneway" v="yes"/>
  <tag k="ref" v="NH39"/>
  <tag k="route" v="Kalanki-Lagankhel"/>
  <tag k="source" v="Bing"/>
  <tag k="surface" v="paved"/>
  <tag k="watch:80n" v="Katmandu"/>
  <tag k="width" v="7"/>
 </way>
 <way id="216297386" visible="true" version="19" changeset="167520696" timestamp="2025-06-12T07:38:47Z" user="marek kleciak" uid="338611">
  <nd ref="1782272973"/>
  <nd ref="9662901136"/>
  <nd ref="9662901137"/>
  <nd ref="5312263446"/>
  <nd ref="9662909529"/>
  <tag k="alt_name" v="Bagdole (Pattipa) Ring Road"/>
  <tag k="bicycle" v="yes"/>
  <tag k="cycleway" v="no"/>
  <tag k="highway" v="trunk"/>
  <tag k="int_name" v="Ring Road"/>
  <tag k="int_ref" v="AH42"/>
  <tag k="lanes" v="2"/>
  <tag k="maxspeed" v="50"/>
  <tag k="name" v="Kathmandu Ringroad"/>
  <tag k="name:ne" v="काठमाडाैँ चक्रपथ"/>
  <tag k="oneway" v="yes"/>
  <tag k="ref" v="NH39"/>
  <tag k="route" v="Kalanki-Lagankhel"/>
  <tag k="source" v="Bing"/>
  <tag k="surface" v="asphalt"/>
  <tag k="time" v="4 am to 8 pm"/>
  <tag k="watch:80n" v="Katmandu"/>
  <tag k="width" v="6"/>
 </way>
 <way id="216297391" visible="true" version="21" changeset="139774546" timestamp="2023-08-12T06:08:50Z" user="Punita Yadav" uid="20055085">
  <nd ref="10922193196"/>
  <nd ref="10945732683"/>
  <nd ref="10922193197"/>
  <nd ref="10922193198"/>
  <nd ref="10922193199"/>
  <nd ref="10922193200"/>
  <nd ref="10922193202"/>
  <nd ref="10922193203"/>
  <nd ref="10922238515"/>
  <nd ref="10922193204"/>
  <nd ref="10922238505"/>
  <nd ref="10922238506"/>
  <nd ref="10922238507"/>
  <nd ref="10922238508"/>
  <nd ref="10922238509"/>
  <nd ref="10922238510"/>
  <nd ref="10922238511"/>
  <nd ref="10922238512"/>
  <nd ref="10922238513"/>
  <nd ref="10922238514"/>
  <nd ref="1782272973"/>
  <tag k="bicycle" v="no"/>
  <tag k="cycleway" v="no"/>
  <tag k="highway" v="trunk"/>
  <tag k="int_name" v="Ring Road"/>
  <tag k="int_ref" v="AH42"/>
  <tag k="lanes" v="2"/>
  <tag k="maxspeed" v="50"/>
  <tag k="name" v="Kathmandu Ringroad"/>
  <tag k="name:ne" v="काठमाडाैँ चक्रपथ"/>
  <tag k="oneway" v="yes"/>
  <tag k="ref" v="NH39"/>
  <tag k="source" v="Bing"/>
  <tag k="surface" v="paved"/>
  <tag k="time" v="4 am to 8 pm"/>
  <tag k="watch:80n" v="Katmandu"/>
  <tag k="width" v="6"/>
 </way>
 <way id="224131948" visible="true" version="14" changeset="139668204" timestamp="2023-08-09T16:13:55Z" user="amritkarma" uid="680067">
  <nd ref="31230922"/>
  <nd ref="3045212606"/>
  <nd ref="10918103024"/>
  <nd ref="10918103025"/>
  <nd ref="10918103026"/>
  <nd ref="10918103027"/>
  <nd ref="10918103028"/>
  <nd ref="10918103029"/>
  <nd ref="10918103030"/>
  <nd ref="10918103031"/>
  <nd ref="10918103032"/>
  <nd ref="10918103033"/>
  <nd ref="10918103034"/>
  <nd ref="10918103040"/>
  <nd ref="10918103035"/>
  <nd ref="10918103036"/>
  <nd ref="10918103037"/>
  <nd ref="10918103038"/>
  <nd ref="10918103039"/>
  <nd ref="2038006738"/>
  <tag k="bicycle" v="yes"/>
  <tag k="cycleway" v="no"/>
  <tag k="highway" v="trunk"/>
  <tag k="int_name" v="Ring Road"/>
  <tag k="lanes" v="2"/>
  <tag k="lit" v="yes"/>
  <tag k="name" v="Kathmandu Ringroad"/>
  <tag k="name:ne" v="काठमाडाैँ चक्रपथ"/>
  <tag k="oneway" v="no"/>
  <tag k="ref" v="NH39"/>
  <tag k="route" v="Kalanki-Lagankhel"/>
  <tag k="source" v="Bing"/>
  <tag k="surface" v="paved"/>
  <tag k="watch:80n" v="Katmandu"/>
  <tag k="width" v="9"/>
 </way>
 <way id="225456436" visible="true" version="19" changeset="139774546" timestamp="2023-08-12T06:08:50Z" user="Punita Yadav" uid="20055085">
  <nd ref="9662909529"/>
  <nd ref="10945732693"/>
  <nd ref="9662901138"/>
  <tag k="alt_name" v="Bagdole (Pattipa) Ring Road"/>
  <tag k="bicycle" v="yes"/>
  <tag k="cycleway" v="no"/>
  <tag k="highway" v="trunk"/>
  <tag k="int_name" v="Ring Road"/>
  <tag k="int_ref" v="AH42"/>
  <tag k="lanes" v="2"/>
  <tag k="name" v="Kathmandu Ringroad"/>
  <tag k="name:ne" v="काठमाडाैँ चक्रपथ"/>
  <tag k="oneway" v="yes"/>
  <tag k="ref" v="NH39"/>
  <tag k="route" v="Kalanki-Lagankhel"/>
  <tag k="source" v="Bing"/>
  <tag k="surface" v="paved"/>
  <tag k="time" v="4 am to 8 pm"/>
  <tag k="watch:80n" v="Katmandu"/>
  <tag k="width" v="6"/>
 </way>
 <way id="225456437" visible="true" version="27" changeset="139774546" timestamp="2023-08-12T06:08:50Z" user="Punita Yadav" uid="20055085">
  <nd ref="9662909526"/>
  <nd ref="10945732700"/>
  <nd ref="9662909525"/>
  <nd ref="9662909524"/>
  <nd ref="11057067346"/>
  <nd ref="9662909521"/>
  <nd ref="9662909536"/>
  <nd ref="10922738950"/>
  <nd ref="9662909519"/>
  <nd ref="9662909518"/>
  <nd ref="9662909517"/>
  <nd ref="9662901216"/>
  <nd ref="9662901215"/>
  <nd ref="9662901214"/>
  <nd ref="1966262398"/>
  <nd ref="9662901213"/>
  <nd ref="9662901212"/>
  <nd ref="9662901211"/>
  <nd ref="9662901210"/>
  <nd ref="9662909535"/>
  <nd ref="9662901205"/>
  <nd ref="9662901204"/>
  <nd ref="9662901203"/>
  <nd ref="3379232062"/>
  <nd ref="10945732710"/>
  <nd ref="1496573296"/>
  <tag k="alt_name" v="Bagdole (Pattipa) Ring Road"/>
  <tag k="bicycle" v="yes"/>
  <tag k="cycleway" v="no"/>
  <tag k="highway" v="trunk"/>
  <tag k="int_name" v="Ring Road"/>
  <tag k="int_ref" v="AH42"/>
  <tag k="lanes" v="2"/>
  <tag k="name" v="Kathmandu Ringroad"/>
  <tag k="name:ne" v="काठमाडाैँ चक्रपथ"/>
  <tag k="oneway" v="yes"/>
  <tag k="ref" v="NH39"/>
  <tag k="route" v="Kalanki-Lagankhel"/>
  <tag k="source" v="Bing"/>
  <tag k="surface" v="paved"/>
  <tag k="time" v="4 am to 8 pm"/>
  <tag k="watch:80n" v="Katmandu"/>
  <tag k="width" v="6"/>
 </way>
 <way id="225457469" visible="true" version="18" changeset="166231019" timestamp="2025-05-14T02:02:10Z" user="BaboucheVerte" uid="6296343">
  <nd ref="1241659776"/>
  <nd ref="3485144346"/>
  <nd ref="3304031208"/>
  <nd ref="1832594244"/>
  <nd ref="360826368"/>
  <nd ref="1960744391"/>
  <tag k="bicycle" v="yes"/>
  <tag k="cycleway" v="no"/>
  <tag k="foot" v="designated"/>
  <tag k="highway" v="trunk"/>
  <tag k="int_name" v="Ring Road"/>
  <tag k="int_ref" v="AH42"/>
  <tag k="lanes" v="2"/>
  <tag k="layer" v="-1"/>
  <tag k="maxheight" v="5"/>
  <tag k="name" v="Kathmandu Ringroad"/>
  <tag k="name:ne" v="काठमाडाैँ चक्रपथ"/>
  <tag k="oneway" v="yes"/>
  <tag k="ref" v="NH39"/>
  <tag k="route" v="Kalanki-Lagankhel"/>
  <tag k="sidewalk" v="no"/>
  <tag k="source" v="Bing"/>
  <tag k="surface" v="paved"/>
  <tag k="tunnel" v="yes"/>
  <tag k="watch:80n" v="Katmandu"/>
  <tag k="width" v="7"/>
 </way>
 <way id="225457470" visible="true" version="13" changeset="139660196" timestamp="2023-08-09T13:24:04Z" user="amritkarma" uid="680067">
  <nd ref="2342349321"/>
  <nd ref="2342349324"/>
  <tag k="bicycle" v="yes"/>
  <tag k="bridge" v="yes"/>
  <tag k="cycleway" v="no"/>
  <tag k="highway" v="trunk"/>
  <tag k="int_name" v="Ring Road"/>
  <tag k="int_ref" v="AH42"/>
  <tag k="lanes" v="2"/>
  <tag k="layer" v="1"/>
  <tag k="name" v="Kathmandu Ringroad"/>
  <tag k="name:ne" v="काठमाडाैँ चक्रपथ"/>
  <tag k="oneway" v="yes"/>
  <tag k="ref" v="NH39"/>
  <tag k="route" v="Kalanki-Lagankhel"/>
  <tag k="source" v="Bing"/>
  <tag k="surface" v="paved"/>
  <tag k="watch:80n" v="Katmandu"/>
  <tag k="width" v="7"/>
 </way>
 <way id="229077494" visible="true" version="21" changeset="170735986" timestamp="2025-08-20T16:19:07Z" user="HurdenShipCanal" uid="21470692">
  <nd ref="31152086"/>
  <nd ref="3141758560"/>
  <nd ref="31152087"/>
  <nd ref="11953417281"/>
  <nd ref="725880854"/>
  <nd ref="10945722447"/>
  <nd ref="1278025474"/>
  <nd ref="3141808243"/>
  <nd ref="6538288153"/>
  <nd ref="10044284710"/>
  <nd ref="10945722450"/>
  <nd ref="1993439346"/>
  <nd ref="10945722453"/>
  <nd ref="1278025298"/>
  <nd ref="1874101867"/>
  <nd ref="1278025248"/>
  <nd ref="2074248380"/>
  <nd ref="13084857957"/>
  <nd ref="10945722455"/>
  <nd ref="13084857954"/>
  <nd ref="10945722456"/>
  <nd ref="13084857956"/>
  <nd ref="2078268093"/>
  <nd ref="1278025470"/>
  <tag k="bicycle" v="yes"/>
  <tag k="cycleway" v="no"/>
  <tag k="highway" v="trunk"/>
  <tag k="int_name" v="Ring Road"/>
  <tag k="lanes" v="4"/>
  <tag k="maxspeed" v="40"/>
  <tag k="name" v="Kathmandu Ringroad"/>
  <tag k="name:ne" v="काठमाडाैँ चक्रपथ"/>
  <tag k="oneway" v="no"/>
  <tag k="ref" v="NH39"/>
  <tag k="sidewalk" v="no"/>
  <tag k="source" v="Bing"/>
  <tag k="surface" v="paved"/>
  <tag k="watch:80n" v="Katmandu"/>
  <tag k="width" v="14"/>
 </way>
 <way id="229195913" visible="true" version="10" changeset="139668760" timestamp="2023-08-09T16:27:59Z" user="amritkarma" uid="680067">
  <nd ref="1887606936"/>
  <nd ref="1896040461"/>
  <tag k="bicycle" v="yes"/>
  <tag k="cycleway" v="no"/>
  <tag k="highway" v="trunk"/>
  <tag k="int_name" v="Ring Road"/>
  <tag k="lanes" v="4"/>
  <tag k="name" v="Kathmandu Ringroad"/>
  <tag k="name:ne" v="काठमाडाैँ चक्रपथ"/>
  <tag k="oneway" v="no"/>
  <tag k="ref" v="NH39"/>
  <tag k="source" v="Bing"/>
  <tag k="surface" v="paved"/>
  <tag k="watch:80n" v="Katmandu"/>
  <tag k="width" v="14"/>
 </way>
 <way id="231103975" visible="true" version="24" changeset="177419624" timestamp="2026-01-19T10:50:53Z" user="marek kleciak" uid="338611">
  <nd ref="1835392258"/>
  <nd ref="7070924854"/>
  <nd ref="31147644"/>
  <nd ref="7070924856"/>
  <nd ref="7070924855"/>
  <nd ref="10945732666"/>
  <nd ref="1273503591"/>
  <nd ref="3339449191"/>
  <nd ref="10945732667"/>
  <nd ref="31147649"/>
  <nd ref="4331913176"/>
  <nd ref="12520495151"/>
  <nd ref="3339449192"/>
  <nd ref="31147650"/>
  <nd ref="2217154378"/>
  <nd ref="1835392140"/>
  <nd ref="1914165627"/>
  <nd ref="13467872685"/>
  <nd ref="10945732661"/>
  <nd ref="1273503599"/>
  <tag k="bicycle" v="yes"/>
  <tag k="cycleway" v="no"/>
  <tag k="highway" v="trunk"/>
  <tag k="int_name" v="Ring Road"/>
  <tag k="lanes" v="4"/>
  <tag k="name" v="Kathmandu Ringroad"/>
  <tag k="name:ne" v="काठमाडाैँ चक्रपथ"/>
  <tag k="oneway" v="no"/>
  <tag k="ref" v="NH39"/>
  <tag k="route" v="Kalanki-Lagankhel"/>
  <tag k="source" v="Bing"/>
  <tag k="surface" v="paved"/>
  <tag k="time" v="4 am to 8 pm"/>
  <tag k="watch:80n" v="Katmandu"/>
  <tag k="width" v="14"/>
 </way>
 <way id="231194710" visible="true" version="22" changeset="167730410" timestamp="2025-06-17T09:56:47Z" user="marek kleciak" uid="338611">
  <nd ref="480425408"/>
  <nd ref="480431031"/>
  <nd ref="10586095272"/>
  <nd ref="1945932998"/>
  <nd ref="6658465769"/>
  <nd ref="1945933000"/>
  <nd ref="31152117"/>
  <nd ref="12920887360"/>
  <nd ref="31152116"/>
  <nd ref="10945722474"/>
  <nd ref="10063869400"/>
  <nd ref="5312333279"/>
  <nd ref="10980252857"/>
  <nd ref="1905155640"/>
  <nd ref="31152113"/>
  <nd ref="5312333278"/>
  <nd ref="31152112"/>
  <nd ref="1945933008"/>
  <nd ref="1905155727"/>
  <nd ref="1835463224"/>
  <tag k="bicycle" v="yes"/>
  <tag k="cycleway" v="no"/>
  <tag k="highway" v="trunk"/>
  <tag k="int_name" v="Ring Road"/>
  <tag k="lanes" v="4"/>
  <tag k="maxspeed" v="40"/>
  <tag k="name" v="Kathmandu Ringroad"/>
  <tag k="name:ne" v="काठमाडाैँ चक्रपथ"/>
  <tag k="ref" v="NH39"/>
  <tag k="source" v="Bing"/>
  <tag k="surface" v="asphalt"/>
  <tag k="watch:80n" v="Katmandu"/>
  <tag k="width" v="14"/>
 </way>
 <way id="231194711" visible="true" version="17" changeset="167730410" timestamp="2025-06-17T09:56:47Z" user="marek kleciak" uid="338611">
  <nd ref="480429211"/>
  <nd ref="10945722481"/>
  <nd ref="10945722479"/>
  <nd ref="10272855706"/>
  <nd ref="11411593511"/>
  <nd ref="10272855693"/>
  <nd ref="10272855708"/>
  <nd ref="2103833158"/>
  <nd ref="11411593510"/>
  <nd ref="6658567559"/>
  <nd ref="1945932997"/>
  <nd ref="10945722477"/>
  <nd ref="480425408"/>
  <tag k="bicycle" v="yes"/>
  <tag k="cycleway" v="no"/>
  <tag k="highway" v="trunk"/>
  <tag k="int_name" v="Ring Road"/>
  <tag k="lanes" v="4"/>
  <tag k="name" v="Kathmandu Ringroad"/>
  <tag k="name:ne" v="काठमाडाैँ चक्रपथ"/>
  <tag k="ref" v="NH39"/>
  <tag k="source" v="Bing"/>
  <tag k="surface" v="asphalt"/>
  <tag k="watch:80n" v="Katmandu"/>
  <tag k="width" v="14"/>
 </way>
 <way id="231202417" visible="true" version="18" changeset="167809003" timestamp="2025-06-19T06:02:17Z" user="marek kleciak" uid="338611">
  <nd ref="296344440"/>
  <nd ref="1832349894"/>
  <nd ref="10926702577"/>
  <nd ref="5312304043"/>
  <nd ref="4330928603"/>
  <nd ref="10926702578"/>
  <nd ref="10926702579"/>
  <nd ref="4330928598"/>
  <nd ref="3066526779"/>
  <nd ref="5312304044"/>
  <nd ref="5312304045"/>
  <nd ref="3066526936"/>
  <nd ref="360823114"/>
  <nd ref="4330928631"/>
  <nd ref="10924068387"/>
  <nd ref="6525443032"/>
  <nd ref="3066526820"/>
  <nd ref="4330928624"/>
  <nd ref="31303870"/>
  <nd ref="4330928622"/>
  <nd ref="12925208768"/>
  <nd ref="12925208770"/>
  <nd ref="4330928602"/>
  <nd ref="4330928633"/>
  <nd ref="1832396840"/>
  <nd ref="1832429701"/>
  <nd ref="2396102541"/>
  <tag k="bicycle" v="yes"/>
  <tag k="cycleway" v="no"/>
  <tag k="highway" v="trunk"/>
  <tag k="int_name" v="Ring Road"/>
  <tag k="lanes" v="4"/>
  <tag k="name" v="Kathmandu Ringroad"/>
  <tag k="name:ne" v="काठमाडाैँ चक्रपथ"/>
  <tag k="oneway" v="no"/>
  <tag k="ref" v="NH39"/>
  <tag k="source" v="Bing"/>
  <tag k="surface" v="paved"/>
  <tag k="watch:80n" v="Katmandu"/>
  <tag k="width" v="14"/>
 </way>
 <way id="231202418" visible="true" version="18" changeset="150907210" timestamp="2024-05-05T07:25:54Z" user="manjita pandey" uid="10022716">
  <nd ref="2218658284"/>
  <nd ref="5312304036"/>
  <nd ref="11880664857"/>
  <nd ref="2218658286"/>
  <nd ref="5312304038"/>
  <nd ref="1968470510"/>
  <nd ref="5312304039"/>
  <nd ref="1968470450"/>
  <nd ref="1968470516"/>
  <nd ref="1968470515"/>
  <nd ref="5312304041"/>
  <nd ref="5312304042"/>
  <nd ref="296344440"/>
  <tag k="bicycle" v="yes"/>
  <tag k="cycleway" v="no"/>
  <tag k="highway" v="trunk"/>
  <tag k="int_name" v="Ring Road"/>
  <tag k="lanes" v="4"/>
  <tag k="name" v="Kathmandu Ringroad"/>
  <tag k="name:ne" v="काठमाडाैँ चक्रपथ"/>
  <tag k="oneway" v="no"/>
  <tag k="ref" v="NH39"/>
  <tag k="source" v="Bing"/>
  <tag k="surface" v="paved"/>
  <tag k="watch:80n" v="Katmandu"/>
  <tag k="width" v="14"/>
 </way>
 <way id="231414550" visible="true" version="14" changeset="167732928" timestamp="2025-06-17T11:03:46Z" user="marek kleciak" uid="338611">
  <nd ref="1919949854"/>
  <nd ref="316974278"/>
  <nd ref="10945732633"/>
  <nd ref="1274038035"/>
  <nd ref="10945732635"/>
  <nd ref="1274038039"/>
  <nd ref="1274038041"/>
  <nd ref="10945732637"/>
  <nd ref="1832985899"/>
  <nd ref="6172544115"/>
  <nd ref="4879891022"/>
  <tag k="bicycle" v="yes"/>
  <tag k="cycleway" v="no"/>
  <tag k="highway" v="trunk"/>
  <tag k="int_name" v="Ring Road"/>
  <tag k="lanes" v="4"/>
  <tag k="name" v="Kathmandu Ringroad"/>
  <tag k="name:ne" v="काठमाडाैँ चक्रपथ"/>
  <tag k="oneway" v="no"/>
  <tag k="ref" v="NH39"/>
  <tag k="source" v="Bing"/>
  <tag k="surface" v="paved"/>
  <tag k="watch:80n" v="Katmandu"/>
  <tag k="width" v="14"/>
 </way>
 <way id="231414551" visible="true" version="8" changeset="139668896" timestamp="2023-08-09T16:31:44Z" user="amritkarma" uid="680067">
  <nd ref="2010535723"/>
  <nd ref="1887606936"/>
  <tag k="bicycle" v="yes"/>
  <tag k="cycleway" v="no"/>
  <tag k="highway" v="trunk"/>
  <tag k="int_name" v="Ring Road"/>
  <tag k="lanes" v="4"/>
  <tag k="name" v="Kathmandu Ringroad"/>
  <tag k="name:ne" v="काठमाडाैँ चक्रपथ"/>
  <tag k="oneway" v="no"/>
  <tag k="ref" v="NH39"/>
  <tag k="source" v="Bing"/>
  <tag k="surface" v="paved"/>
  <tag k="watch:80n" v="Katmandu"/>
  <tag k="width" v="14"/>
 </way>
 <way id="231414552" visible="true" version="14" changeset="163808212" timestamp="2025-03-19T09:29:39Z" user="marek kleciak" uid="338611">
  <nd ref="1395061503"/>
  <nd ref="1894972632"/>
  <nd ref="4938235621"/>
  <nd ref="31151495"/>
  <nd ref="10945732631"/>
  <nd ref="1274031906"/>
  <nd ref="6084895461"/>
  <nd ref="1919949854"/>
  <tag k="bicycle" v="yes"/>
  <tag k="cycleway" v="no"/>
  <tag k="highway" v="trunk"/>
  <tag k="int_name" v="Ring Road"/>
  <tag k="lanes" v="4"/>
  <tag k="name" v="Kathmandu Ringroad"/>
  <tag k="name:ne" v="काठमाडाैँ चक्रपथ"/>
  <tag k="oneway" v="no"/>
  <tag k="ref" v="NH39"/>
  <tag k="source" v="Bing"/>
  <tag k="surface" v="paved"/>
  <tag k="watch:80n" v="Katmandu"/>
  <tag k="width" v="14"/>
 </way>
 <way id="231786206" visible="true" version="19" changeset="171254388" timestamp="2025-08-31T06:45:22Z" user="srj_panthee" uid="10018162">
  <nd ref="13109947335"/>
  <nd ref="10922205070"/>
  <nd ref="10922205071"/>
  <nd ref="10922205072"/>
  <nd ref="10922205073"/>
  <nd ref="10922205074"/>
  <nd ref="10922205075"/>
  <nd ref="10922205076"/>
  <nd ref="10922205077"/>
  <nd ref="10922205078"/>
  <nd ref="10922205079"/>
  <nd ref="10922205080"/>
  <nd ref="10922205081"/>
  <nd ref="10922205082"/>
  <nd ref="10922205083"/>
  <nd ref="10922205089"/>
  <nd ref="10922205084"/>
  <nd ref="10922205085"/>
  <nd ref="10922205086"/>
  <nd ref="10922205087"/>
  <nd ref="10922205088"/>
  <nd ref="10922205090"/>
  <nd ref="10929897542"/>
  <nd ref="10922193196"/>
  <tag k="bicycle" v="yes"/>
  <tag k="cycleway" v="no"/>
  <tag k="highway" v="trunk"/>
  <tag k="int_name" v="Ring Road"/>
  <tag k="int_ref" v="AH42"/>
  <tag k="lanes" v="2"/>
  <tag k="name" v="Kathmandu Ringroad"/>
  <tag k="name:ne" v="काठमाडाैँ चक्रपथ"/>
  <tag k="oneway" v="yes"/>
  <tag k="ref" v="NH39"/>
  <tag k="source" v="Bing"/>
  <tag k="surface" v="paved"/>
  <tag k="time" v="4 am to 8 pm"/>
  <tag k="watch:80n" v="Katmandu"/>
  <tag k="width" v="6"/>
 </way>
 <way id="231786208" visible="true" version="24" changeset="139661187" timestamp="2023-08-09T13:44:41Z" user="amritkarma" uid="680067">
  <nd ref="1496605759"/>
  <nd ref="1751051003"/>
  <nd ref="9662901177"/>
  <nd ref="9662901176"/>
  <nd ref="9662901174"/>
  <nd ref="9662901173"/>
  <nd ref="9662901172"/>
  <nd ref="5312263461"/>
  <nd ref="1751049603"/>
  <nd ref="10926041107"/>
  <nd ref="9662901171"/>
  <nd ref="11057084865"/>
  <nd ref="9662901170"/>
  <nd ref="6273792190"/>
  <nd ref="1751049606"/>
  <nd ref="9999912949"/>
  <nd ref="10926041146"/>
  <nd ref="9662901169"/>
  <nd ref="10926041145"/>
  <nd ref="9662901168"/>
  <nd ref="9662901167"/>
  <nd ref="9662901166"/>
  <nd ref="9999912977"/>
  <nd ref="9662901165"/>
  <nd ref="10945732798"/>
  <nd ref="9662901164"/>
  <nd ref="9662901163"/>
  <nd ref="9662901162"/>
  <nd ref="9662901161"/>
  <nd ref="9662901158"/>
  <nd ref="9662909532"/>
  <nd ref="9662901156"/>
  <nd ref="9662901155"/>
  <nd ref="9662901154"/>
  <nd ref="9662901153"/>
  <nd ref="9662901152"/>
  <nd ref="9662901151"/>
  <nd ref="9662901150"/>
  <nd ref="9662901149"/>
  <nd ref="9662901148"/>
  <nd ref="9662901147"/>
  <nd ref="10945732804"/>
  <nd ref="9662901146"/>
  <nd ref="9662901145"/>
  <nd ref="9662901144"/>
  <nd ref="9662901143"/>
  <nd ref="1751065489"/>
  <nd ref="1751071773"/>
  <nd ref="1960744495"/>
  <tag k="alt_name" v="Bagdole (Pattipa) Ring Road"/>
  <tag k="bicycle" v="yes"/>
  <tag k="cycleway" v="no"/>
  <tag k="highway" v="trunk"/>
  <tag k="int_name" v="Ring Road"/>
  <tag k="int_ref" v="AH42"/>
  <tag k="lanes" v="2"/>
  <tag k="name" v="Kathmandu Ringroad"/>
  <tag k="name:ne" v="काठमाडाैँ चक्रपथ"/>
  <tag k="oneway" v="yes"/>
  <tag k="ref" v="NH39"/>
  <tag k="route" v="Kalanki-Lagankhel"/>
  <tag k="source" v="Bing"/>
  <tag k="surface" v="asphalt"/>
  <tag k="time" v="4 am to 8 pm"/>
  <tag k="watch:80n" v="Katmandu"/>
  <tag k="width" v="7"/>
 </way>
 <way id="231786209" visible="true" version="24" changeset="170735986" timestamp="2025-08-20T16:19:07Z" user="HurdenShipCanal" uid="21470692">
  <nd ref="1278025470"/>
  <nd ref="10945722458"/>
  <nd ref="13084857953"/>
  <nd ref="2082919737"/>
  <nd ref="11491218589"/>
  <nd ref="1278025382"/>
  <nd ref="10945722460"/>
  <nd ref="31152095"/>
  <nd ref="10945722462"/>
  <nd ref="3141794581"/>
  <nd ref="31152096"/>
  <nd ref="1523344498"/>
  <nd ref="11942078266"/>
  <nd ref="31152098"/>
  <nd ref="10945722465"/>
  <nd ref="11942078267"/>
  <nd ref="1278025452"/>
  <nd ref="12922597645"/>
  <nd ref="10926035356"/>
  <nd ref="12922597644"/>
  <nd ref="1835496146"/>
  <nd ref="31152100"/>
  <nd ref="31152101"/>
  <nd ref="12920887361"/>
  <nd ref="2090731488"/>
  <nd ref="5312333277"/>
  <tag k="bicycle" v="yes"/>
  <tag k="cycleway" v="no"/>
  <tag k="highway" v="trunk"/>
  <tag k="int_name" v="Ring Road"/>
  <tag k="lanes" v="4"/>
  <tag k="maxspeed" v="40"/>
  <tag k="name" v="Kathmandu Ringroad"/>
  <tag k="name:ne" v="काठमाडाैँ चक्रपथ"/>
  <tag k="oneway" v="no"/>
  <tag k="ref" v="NH39"/>
  <tag k="source" v="Bing"/>
  <tag k="surface" v="asphalt"/>
  <tag k="watch:80n" v="Katmandu"/>
  <tag k="width" v="14"/>
 </way>
 <way id="231786210" visible="true" version="14" changeset="139661433" timestamp="2023-08-09T13:49:44Z" user="amritkarma" uid="680067">
  <nd ref="1317078042"/>
  <nd ref="1280128354"/>
  <tag k="bicycle" v="yes"/>
  <tag k="cycleway" v="no"/>
  <tag k="highway" v="trunk"/>
  <tag k="int_name" v="Ring Road"/>
  <tag k="int_ref" v="AH42"/>
  <tag k="lanes" v="2"/>
  <tag k="name" v="Kathmandu Ringroad"/>
  <tag k="name:ne" v="काठमाडाैँ चक्रपथ"/>
  <tag k="oneway" v="yes"/>
  <tag k="ref" v="NH39"/>
  <tag k="route" v="Kalanki-Lagankhel"/>
  <tag k="source" v="Bing"/>
  <tag k="surface" v="paved"/>
  <tag k="time" v="4 am to 8 pm"/>
  <tag k="watch:80n" v="Katmandu"/>
  <tag k="width" v="7"/>
 </way>
 <way id="231786211" visible="true" version="22" changeset="183343567" timestamp="2026-05-29T09:12:33Z" user="SurmaRiver" uid="23046137">
  <nd ref="2396102541"/>
  <nd ref="3066526951"/>
  <nd ref="10945722433"/>
  <nd ref="10945722432"/>
  <nd ref="4330928611"/>
  <nd ref="6994454324"/>
  <nd ref="1832429759"/>
  <nd ref="13893384973"/>
  <nd ref="1832429767"/>
  <nd ref="1832396878"/>
  <nd ref="1832429817"/>
  <nd ref="6994459395"/>
  <nd ref="3066526788"/>
  <nd ref="1832396899"/>
  <nd ref="9964887929"/>
  <nd ref="12222405545"/>
  <nd ref="1952134548"/>
  <nd ref="10945722435"/>
  <nd ref="10956643833"/>
  <nd ref="1952189444"/>
  <nd ref="3066526764"/>
  <nd ref="1952189457"/>
  <tag k="bicycle" v="yes"/>
  <tag k="cycleway" v="no"/>
  <tag k="highway" v="trunk"/>
  <tag k="int_name" v="Ring Road"/>
  <tag k="lanes" v="4"/>
  <tag k="name" v="Kathmandu Ringroad"/>
  <tag k="name:ne" v="काठमाडाैँ चक्रपथ"/>
  <tag k="oneway" v="no"/>
  <tag k="ref" v="NH39"/>
  <tag k="source" v="Bing"/>
  <tag k="surface" v="paved"/>
  <tag k="watch:80n" v="Katmandu"/>
  <tag k="width" v="14"/>
 </way>
 <way id="231786213" visible="true" version="20" changeset="167809003" timestamp="2025-06-19T06:02:17Z" user="marek kleciak" uid="338611">
  <nd ref="7062750345"/>
  <nd ref="3143415450"/>
  <nd ref="3143415471"/>
  <nd ref="3143415498"/>
  <nd ref="9964887957"/>
  <nd ref="6672510917"/>
  <nd ref="3487209986"/>
  <nd ref="12906024946"/>
  <nd ref="3487209999"/>
  <nd ref="6498893342"/>
  <nd ref="728167845"/>
  <tag k="bicycle" v="yes"/>
  <tag k="cycleway" v="no"/>
  <tag k="highway" v="trunk"/>
  <tag k="int_name" v="Ring Road"/>
  <tag k="lanes" v="4"/>
  <tag k="name" v="Kathmandu Ringroad"/>
  <tag k="name:ne" v="काठमाडाैँ चक्रपथ"/>
  <tag k="oneway" v="no"/>
  <tag k="ref" v="NH39"/>
  <tag k="source" v="Bing"/>
  <tag k="surface" v="paved"/>
  <tag k="watch:80n" v="Katmandu"/>
  <tag k="width" v="14"/>
 </way>
 <way id="231786214" visible="true" version="20" changeset="139668760" timestamp="2023-08-09T16:27:59Z" user="amritkarma" uid="680067">
  <nd ref="31148043"/>
  <nd ref="4331913598"/>
  <nd ref="849954109"/>
  <nd ref="10945732642"/>
  <nd ref="2267964855"/>
  <nd ref="3084565688"/>
  <nd ref="7041212854"/>
  <nd ref="1281196435"/>
  <nd ref="7040730499"/>
  <nd ref="31148051"/>
  <nd ref="10921622128"/>
  <nd ref="360818365"/>
  <nd ref="1274031241"/>
  <nd ref="7041212855"/>
  <nd ref="3047041129"/>
  <nd ref="1274031244"/>
  <nd ref="360695569"/>
  <nd ref="10945732644"/>
  <nd ref="1274031474"/>
  <nd ref="7041212856"/>
  <nd ref="1280126250"/>
  <nd ref="9342567912"/>
  <nd ref="10945732646"/>
  <nd ref="1395061448"/>
  <nd ref="1280126239"/>
  <nd ref="31148056"/>
  <nd ref="2011801802"/>
  <tag k="bicycle" v="yes"/>
  <tag k="cycleway" v="no"/>
  <tag k="highway" v="trunk"/>
  <tag k="int_name" v="Ring Road"/>
  <tag k="lanes" v="4"/>
  <tag k="name" v="Kathmandu Ringroad"/>
  <tag k="name:ne" v="काठमाडाैँ चक्रपथ"/>
  <tag k="oneway" v="no"/>
  <tag k="ref" v="NH39"/>
  <tag k="route" v="Kalanki-Lagankhel"/>
  <tag k="source" v="Bing"/>
  <tag k="surface" v="paved"/>
  <tag k="watch:80n" v="Katmandu"/>
  <tag k="width" v="14"/>
 </way>
 <way id="231786215" visible="true" version="19" changeset="186915800" timestamp="2026-08-04T10:22:46Z" user="MAP EDITORS NEPAL" uid="24382602">
  <nd ref="1278006365"/>
  <nd ref="1875745723"/>
  <nd ref="3141826414"/>
  <nd ref="5312309769"/>
  <nd ref="2004031812"/>
  <nd ref="6658375843"/>
  <nd ref="5312309770"/>
  <nd ref="5312309771"/>
  <nd ref="10945722444"/>
  <nd ref="725880071"/>
  <nd ref="1278020563"/>
  <nd ref="6498885631"/>
  <nd ref="14072453382"/>
  <nd ref="5312309772"/>
  <nd ref="5654037770"/>
  <nd ref="31152082"/>
  <nd ref="5312309773"/>
  <nd ref="1835496063"/>
  <nd ref="3141758565"/>
  <nd ref="2079511273"/>
  <nd ref="31152084"/>
  <nd ref="10976253653"/>
  <nd ref="3141758564"/>
  <nd ref="31152086"/>
  <tag k="bicycle" v="yes"/>
  <tag k="cycleway" v="no"/>
  <tag k="highway" v="trunk"/>
  <tag k="int_name" v="Ring Road"/>
  <tag k="lanes" v="4"/>
  <tag k="name" v="Kathmandu Ringroad"/>
  <tag k="name:ne" v="काठमाडाैँ चक्रपथ"/>
  <tag k="oneway" v="no"/>
  <tag k="ref" v="NH39"/>
  <tag k="source" v="Bing"/>
  <tag k="surface" v="paved"/>
  <tag k="watch:80n" v="Katmandu"/>
  <tag k="width" v="14"/>
 </way>
 <way id="232095618" visible="true" version="18" changeset="167726927" timestamp="2025-06-17T08:23:49Z" user="marek kleciak" uid="338611">
  <nd ref="1143813991"/>
  <nd ref="10945722497"/>
  <nd ref="5312333288"/>
  <nd ref="5312333287"/>
  <nd ref="1872251755"/>
  <nd ref="10945722493"/>
  <nd ref="31152133"/>
  <nd ref="5312333286"/>
  <nd ref="3355859400"/>
  <nd ref="5312333285"/>
  <nd ref="5312333284"/>
  <nd ref="3081211936"/>
  <nd ref="10945722490"/>
  <nd ref="31152131"/>
  <nd ref="5312333283"/>
  <nd ref="31152130"/>
  <nd ref="5312333282"/>
  <nd ref="3355857288"/>
  <nd ref="5312333281"/>
  <nd ref="10945722487"/>
  <nd ref="10272855703"/>
  <nd ref="12107411825"/>
  <nd ref="10272855704"/>
  <nd ref="12920842402"/>
  <nd ref="1945932987"/>
  <nd ref="10945722485"/>
  <nd ref="480429211"/>
  <tag k="bicycle" v="yes"/>
  <tag k="cycleway" v="no"/>
  <tag k="highway" v="trunk"/>
  <tag k="int_name" v="Ring Road"/>
  <tag k="lanes" v="4"/>
  <tag k="name" v="Kathmandu Ringroad"/>
  <tag k="name:ne" v="काठमाडाैँ चक्रपथ"/>
  <tag k="ref" v="NH39"/>
  <tag k="source" v="Bing"/>
  <tag k="surface" v="asphalt"/>
  <tag k="watch:80n" v="Katmandu"/>
  <tag k="width" v="14"/>
 </way>
 <way id="232096439" visible="true" version="22" changeset="176910042" timestamp="2026-01-06T16:11:48Z" user="UbangiRiver" uid="22557350">
  <nd ref="728167845"/>
  <nd ref="1497194467"/>
  <nd ref="12906024945"/>
  <nd ref="5312304047"/>
  <nd ref="13435800351"/>
  <nd ref="13435800344"/>
  <nd ref="1496663156"/>
  <nd ref="725880041"/>
  <nd ref="5783026967"/>
  <nd ref="2710595540"/>
  <nd ref="3069881528"/>
  <nd ref="3143415484"/>
  <nd ref="31303848"/>
  <nd ref="5312304050"/>
  <nd ref="3069881510"/>
  <nd ref="5312304051"/>
  <nd ref="31303847"/>
  <tag k="bicycle" v="yes"/>
  <tag k="cycleway" v="no"/>
  <tag k="highway" v="trunk"/>
  <tag k="int_name" v="Ring Road"/>
  <tag k="lanes" v="4"/>
  <tag k="name" v="Kathmandu Ringroad"/>
  <tag k="name:ne" v="काठमाडाैँ चक्रपथ"/>
  <tag k="oneway" v="no"/>
  <tag k="ref" v="NH39"/>
  <tag k="source" v="Bing"/>
  <tag k="surface" v="paved"/>
  <tag k="watch:80n" v="Katmandu"/>
  <tag k="width" v="14"/>
 </way>
 <way id="257752685" visible="true" version="15" changeset="168691977" timestamp="2025-07-09T11:52:32Z" user="marek kleciak" uid="338611">
  <nd ref="1273515715"/>
  <nd ref="2632290119"/>
  <tag k="bicycle" v="yes"/>
  <tag k="cycleway" v="no"/>
  <tag k="highway" v="trunk"/>
  <tag k="int_name" v="Ring Road"/>
  <tag k="lanes" v="4"/>
  <tag k="name" v="Kathmandu Ringroad"/>
  <tag k="name:ne" v="काठमाडाैँ चक्रपथ"/>
  <tag k="oneway" v="no"/>
  <tag k="ref" v="NH39"/>
  <tag k="route" v="Kalanki-Lagankhel"/>
  <tag k="source" v="Bing"/>
  <tag k="surface" v="paved"/>
  <tag k="watch:80n" v="Katmandu"/>
  <tag k="width" v="14"/>
 </way>
 <way id="257752686" visible="true" version="12" changeset="139668204" timestamp="2023-08-09T16:13:55Z" user="amritkarma" uid="680067">
  <nd ref="1273515754"/>
  <nd ref="3047043316"/>
  <nd ref="4789784981"/>
  <nd ref="1273515715"/>
  <tag k="bicycle" v="yes"/>
  <tag k="cycleway" v="no"/>
  <tag k="highway" v="trunk"/>
  <tag k="int_name" v="Ring Road"/>
  <tag k="lanes" v="4"/>
  <tag k="name" v="Kathmandu Ringroad"/>
  <tag k="name:ne" v="काठमाडाैँ चक्रपथ"/>
  <tag k="oneway" v="no"/>
  <tag k="ref" v="NH39"/>
  <tag k="route" v="Kalanki-Lagankhel"/>
  <tag k="source" v="Bing"/>
  <tag k="surface" v="paved"/>
  <tag k="watch:80n" v="Katmandu"/>
  <tag k="width" v="14"/>
 </way>
 <way id="257752687" visible="true" version="13" changeset="164325792" timestamp="2025-03-31T11:27:30Z" user="marek kleciak" uid="338611">
  <nd ref="31147687"/>
  <nd ref="1525726643"/>
  <nd ref="10945732675"/>
  <nd ref="1273515754"/>
  <tag k="bicycle" v="yes"/>
  <tag k="cycleway" v="no"/>
  <tag k="highway" v="trunk"/>
  <tag k="int_name" v="Ring Road"/>
  <tag k="lanes" v="4"/>
  <tag k="name" v="Kathmandu Ringroad"/>
  <tag k="name:ne" v="काठमाडाैँ चक्रपथ"/>
  <tag k="oneway" v="no"/>
  <tag k="ref" v="NH39"/>
  <tag k="route" v="Kalanki-Lagankhel"/>
  <tag k="source" v="Bing"/>
  <tag k="surface" v="paved"/>
  <tag k="watch:80n" v="Katmandu"/>
  <tag k="width" v="14"/>
 </way>
 <way id="257756417" visible="true" version="11" changeset="168691977" timestamp="2025-07-09T11:52:32Z" user="marek kleciak" uid="338611">
  <nd ref="2632290119"/>
  <nd ref="12989555495"/>
  <nd ref="10945732678"/>
  <nd ref="31230922"/>
  <tag k="bicycle" v="yes"/>
  <tag k="cycleway" v="no"/>
  <tag k="highway" v="trunk"/>
  <tag k="int_name" v="Ring Road"/>
  <tag k="lanes" v="4"/>
  <tag k="name" v="Kathmandu Ringroad"/>
  <tag k="name:ne" v="काठमाडाैँ चक्रपथ"/>
  <tag k="oneway" v="no"/>
  <tag k="ref" v="NH39"/>
  <tag k="route" v="Kalanki-Lagankhel"/>
  <tag k="source" v="Bing"/>
  <tag k="surface" v="paved"/>
  <tag k="watch:80n" v="Katmandu"/>
 </way>
 <way id="345052247" visible="true" version="10" changeset="139661433" timestamp="2023-08-09T13:49:44Z" user="amritkarma" uid="680067">
  <nd ref="3517471167"/>
  <nd ref="1489297683"/>
  <tag k="bicycle" v="yes"/>
  <tag k="bridge" v="yes"/>
  <tag k="cycleway" v="no"/>
  <tag k="highway" v="trunk"/>
  <tag k="int_name" v="Ring Road"/>
  <tag k="int_ref" v="AH42"/>
  <tag k="lanes" v="2"/>
  <tag k="layer" v="1"/>
  <tag k="name" v="Kathmandu Ringroad"/>
  <tag k="name:ne" v="काठमाडाैँ चक्रपथ"/>
  <tag k="oneway" v="yes"/>
  <tag k="ref" v="NH39"/>
  <tag k="route" v="Kalanki-Lagankhel"/>
  <tag k="source" v="Bing"/>
  <tag k="surface" v="paved"/>
  <tag k="time" v="4 am to 8 pm"/>
  <tag k="watch:80n" v="Katmandu"/>
  <tag k="width" v="7"/>
 </way>
 <way id="406752033" visible="true" version="12" changeset="173116504" timestamp="2025-10-10T23:42:15Z" user="Spaghetti Monster🍝" uid="8758904">
  <nd ref="13207826716"/>
  <nd ref="10921122128"/>
  <nd ref="6275508087"/>
  <nd ref="1489359145"/>
  <nd ref="6275508086"/>
  <nd ref="4107224886"/>
  <nd ref="10922227635"/>
  <nd ref="10922227634"/>
  <nd ref="10922227633"/>
  <tag k="bicycle" v="yes"/>
  <tag k="bridge" v="yes"/>
  <tag k="cycleway" v="no"/>
  <tag k="foot" v="no"/>
  <tag k="highway" v="trunk"/>
  <tag k="int_name" v="Ring Road"/>
  <tag k="int_ref" v="AH42"/>
  <tag k="lanes" v="2"/>
  <tag k="layer" v="1"/>
  <tag k="name" v="Kathmandu Ringroad"/>
  <tag k="name:ne" v="काठमाडाैँ चक्रपथ"/>
  <tag k="oneway" v="yes"/>
  <tag k="ref" v="NH39"/>
  <tag k="route" v="Kalanki-Lagankhel"/>
  <tag k="source" v="Bing"/>
  <tag k="surface" v="paved"/>
  <tag k="time" v="4 am to 8 pm"/>
  <tag k="watch:80n" v="Katmandu"/>
  <tag k="width" v="6"/>
 </way>
 <way id="416294069" visible="true" version="14" changeset="167813470" timestamp="2025-06-19T08:15:50Z" user="marek kleciak" uid="338611">
  <nd ref="1942462680"/>
  <nd ref="6275508136"/>
  <nd ref="11555850990"/>
  <nd ref="31304222"/>
  <nd ref="11057113607"/>
  <nd ref="1924770794"/>
  <tag k="bicycle" v="yes"/>
  <tag k="cycleway" v="no"/>
  <tag k="highway" v="trunk"/>
  <tag k="int_name" v="Ring Road"/>
  <tag k="int_ref" v="AH42"/>
  <tag k="lanes" v="2"/>
  <tag k="name" v="Kathmandu Ringroad"/>
  <tag k="name:ne" v="काठमाडाैँ चक्रपथ"/>
  <tag k="oneway" v="yes"/>
  <tag k="ref" v="NH39"/>
  <tag k="route" v="Kalanki-Lagankhel"/>
  <tag k="source" v="Bing"/>
  <tag k="surface" v="paved"/>
  <tag k="watch:80n" v="Katmandu"/>
  <tag k="width" v="7"/>
 </way>
 <way id="585763544" visible="true" version="10" changeset="139668204" timestamp="2023-08-09T16:13:55Z" user="amritkarma" uid="680067">
  <nd ref="1273515748"/>
  <nd ref="5597223710"/>
  <nd ref="3339451293"/>
  <nd ref="2993444541"/>
  <nd ref="5597223706"/>
  <nd ref="5597223711"/>
  <nd ref="1273503599"/>
  <tag k="bicycle" v="yes"/>
  <tag k="cycleway" v="no"/>
  <tag k="highway" v="trunk"/>
  <tag k="int_name" v="Ring Road"/>
  <tag k="lanes" v="2"/>
  <tag k="name" v="Kathmandu Ringroad"/>
  <tag k="name:ne" v="काठमाडाैँ चक्रपथ"/>
  <tag k="oneway" v="yes"/>
  <tag k="ref" v="NH39"/>
  <tag k="route" v="Kalanki-Lagankhel"/>
  <tag k="source" v="Bing"/>
  <tag k="surface" v="paved"/>
  <tag k="time" v="4 am to 8 pm"/>
  <tag k="watch:80n" v="Katmandu"/>
  <tag k="width" v="7"/>
 </way>
 <way id="585763545" visible="true" version="9" changeset="139668204" timestamp="2023-08-09T16:13:55Z" user="amritkarma" uid="680067">
  <nd ref="1273515748"/>
  <nd ref="10945732669"/>
  <nd ref="5597223712"/>
  <nd ref="1835392122"/>
  <tag k="bicycle" v="yes"/>
  <tag k="cycleway" v="no"/>
  <tag k="highway" v="trunk"/>
  <tag k="int_name" v="Ring Road"/>
  <tag k="lanes" v="4"/>
  <tag k="name" v="Kathmandu Ringroad"/>
  <tag k="name:ne" v="काठमाडाैँ चक्रपथ"/>
  <tag k="oneway" v="no"/>
  <tag k="ref" v="NH39"/>
  <tag k="route" v="Kalanki-Lagankhel"/>
  <tag k="source" v="Bing"/>
  <tag k="surface" v="paved"/>
  <tag k="watch:80n" v="Katmandu"/>
  <tag k="width" v="14"/>
 </way>
 <way id="585763546" visible="true" version="9" changeset="139668204" timestamp="2023-08-09T16:13:55Z" user="amritkarma" uid="680067">
  <nd ref="1273503599"/>
  <nd ref="4331913187"/>
  <nd ref="5597223705"/>
  <nd ref="31150664"/>
  <tag k="bicycle" v="yes"/>
  <tag k="cycleway" v="no"/>
  <tag k="highway" v="trunk"/>
  <tag k="int_name" v="Ring Road"/>
  <tag k="lanes" v="2"/>
  <tag k="name" v="Kathmandu Ringroad"/>
  <tag k="oneway" v="yes"/>
  <tag k="ref" v="NH39"/>
  <tag k="route" v="Kalanki-Lagankhel"/>
  <tag k="source" v="Bing"/>
  <tag k="surface" v="paved"/>
  <tag k="time" v="4 am to 8 pm"/>
  <tag k="watch:80n" v="Katmandu"/>
  <tag k="width" v="7"/>
 </way>
 <way id="591355896" visible="true" version="9" changeset="188393951" timestamp="2026-09-01T23:53:40Z" user="SpaceTracer" uid="9368502">
  <nd ref="14141137404"/>
  <nd ref="14141137402"/>
  <nd ref="14141137405"/>
  <tag k="alt_name" v="Araniko Highway"/>
  <tag k="foot" v="designated"/>
  <tag k="highway" v="trunk"/>
  <tag k="int_name" v="Ring Road"/>
  <tag k="lanes" v="4"/>
  <tag k="maxspeed" v="40"/>
  <tag k="name" v="Kathmandu Ringroad"/>
  <tag k="name:ne" v="काठमाडाैँ चक्रपथ"/>
  <tag k="oneway" v="yes"/>
  <tag k="ref" v="NH39"/>
  <tag k="source" v="Bing"/>
  <tag k="surface" v="paved"/>
  <tag k="watch:80n" v="Katmandu"/>
 </way>
 <way id="591357319" visible="true" version="13" changeset="146731974" timestamp="2024-01-27T04:46:07Z" user="Sucl" uid="19156307">
  <nd ref="5645760470"/>
  <nd ref="11555862807"/>
  <nd ref="3045212598"/>
  <nd ref="3045212624"/>
  <nd ref="10920937922"/>
  <nd ref="2038006737"/>
  <tag k="alt_name" v="Araniko Highway"/>
  <tag k="highway" v="trunk"/>
  <tag k="lanes" v="2"/>
  <tag k="name" v="Kathmandu Ringroad"/>
  <tag k="name:ne" v="काठमाडाैँ चक्रपथ"/>
  <tag k="oneway" v="yes"/>
  <tag k="ref" v="NH39"/>
  <tag k="ref:old" v="NH34;NH39"/>
  <tag k="surface" v="asphalt"/>
  <tag k="width" v="9"/>
 </way>
 <way id="610849877" visible="true" version="11" changeset="173702902" timestamp="2025-10-24T07:02:03Z" user="Metauro" uid="20432920">
  <nd ref="13253615197"/>
  <nd ref="5784633458"/>
  <nd ref="5784633460"/>
  <nd ref="5784633457"/>
  <nd ref="9964770253"/>
  <nd ref="5784632348"/>
  <nd ref="5784633456"/>
  <nd ref="10926314495"/>
  <nd ref="10926314490"/>
  <nd ref="5784633461"/>
  <nd ref="5784633455"/>
  <nd ref="13253615195"/>
  <nd ref="5784632345"/>
  <nd ref="5784633459"/>
  <nd ref="10926314497"/>
  <nd ref="5784632352"/>
  <nd ref="13253615196"/>
  <nd ref="31303568"/>
  <nd ref="9964770267"/>
  <nd ref="5784633454"/>
  <nd ref="5784633462"/>
  <nd ref="5784633453"/>
  <nd ref="5784633463"/>
  <nd ref="5784632349"/>
  <tag k="highway" v="trunk"/>
  <tag k="junction" v="roundabout"/>
  <tag k="name" v="Kathmandu Ringroad"/>
  <tag k="name:ne" v="काठमाडाैँ चक्रपथ"/>
  <tag k="oneway" v="yes"/>
  <tag k="ref" v="NH39"/>
  <tag k="surface" v="paved"/>
  <tag k="width" v="9"/>
 </way>
 <way id="610849878" visible="true" version="10" changeset="139622367" timestamp="2023-08-08T16:38:45Z" user="amritkarma" uid="680067">
  <nd ref="5784632348"/>
  <nd ref="10926314496"/>
  <nd ref="5784633464"/>
  <tag k="bicycle" v="yes"/>
  <tag k="cycleway" v="no"/>
  <tag k="highway" v="trunk"/>
  <tag k="int_name" v="Ring Road"/>
  <tag k="lanes" v="2"/>
  <tag k="name" v="Kathmandu Ringroad"/>
  <tag k="name:ne" v="काठमाडाैँ चक्रपथ"/>
  <tag k="oneway" v="yes"/>
  <tag k="ref" v="NH39"/>
  <tag k="source" v="Bing"/>
  <tag k="surface" v="paved"/>
  <tag k="watch:80n" v="Katmandu"/>
  <tag k="width" v="7"/>
 </way>
 <way id="610849879" visible="true" version="11" changeset="171348428" timestamp="2025-09-02T08:14:42Z" user="marek kleciak" uid="338611">
  <nd ref="3068103230"/>
  <nd ref="13114099724"/>
  <nd ref="9964778026"/>
  <nd ref="10926314498"/>
  <nd ref="5784632349"/>
  <tag k="bicycle" v="yes"/>
  <tag k="cycleway" v="no"/>
  <tag k="highway" v="trunk"/>
  <tag k="int_name" v="Ring Road"/>
  <tag k="lanes" v="2"/>
  <tag k="name" v="Kathmandu Ringroad"/>
  <tag k="name:ne" v="काठमाडाैँ चक्रपथ"/>
  <tag k="oneway" v="yes"/>
  <tag k="ref" v="NH39"/>
  <tag k="source" v="Bing"/>
  <tag k="surface" v="paved"/>
  <tag k="watch:80n" v="Katmandu"/>
  <tag k="width" v="14"/>
 </way>
 <way id="610849881" visible="true" version="9" changeset="139622367" timestamp="2023-08-08T16:38:45Z" user="amritkarma" uid="680067">
  <nd ref="5784633464"/>
  <nd ref="10926314492"/>
  <nd ref="10926314493"/>
  <nd ref="5784633455"/>
  <tag k="bicycle" v="yes"/>
  <tag k="cycleway" v="no"/>
  <tag k="highway" v="trunk"/>
  <tag k="int_name" v="Ring Road"/>
  <tag k="lanes" v="2"/>
  <tag k="name" v="Kathmandu Ringroad"/>
  <tag k="name:ne" v="काठमाडाैँ चक्रपथ"/>
  <tag k="oneway" v="yes"/>
  <tag k="ref" v="NH39"/>
  <tag k="source" v="Bing"/>
  <tag k="surface" v="paved"/>
  <tag k="watch:80n" v="Katmandu"/>
  <tag k="width" v="7"/>
 </way>
 <way id="610849882" visible="true" version="9" changeset="139669674" timestamp="2023-08-09T16:53:22Z" user="amritkarma" uid="680067">
  <nd ref="31303568"/>
  <nd ref="9964770268"/>
  <nd ref="9964770269"/>
  <nd ref="9964778025"/>
  <nd ref="3068103230"/>
  <tag k="bicycle" v="yes"/>
  <tag k="cycleway" v="no"/>
  <tag k="highway" v="trunk"/>
  <tag k="int_name" v="Ring Road"/>
  <tag k="lanes" v="2"/>
  <tag k="name" v="Kathmandu Ringroad"/>
  <tag k="name:ne" v="काठमाडाैँ चक्रपथ"/>
  <tag k="oneway" v="yes"/>
  <tag k="ref" v="NH39"/>
  <tag k="route" v="Micro"/>
  <tag k="source" v="Bing"/>
  <tag k="surface" v="paved"/>
  <tag k="type" v="route"/>
  <tag k="watch:80n" v="Katmandu"/>
  <tag k="width" v="9"/>
 </way>
 <way id="648697035" visible="true" version="14" changeset="139625993" timestamp="2023-08-08T18:41:24Z" user="amritkarma" uid="680067">
  <nd ref="6089694628"/>
  <nd ref="10919851259"/>
  <nd ref="6089694627"/>
  <nd ref="10919851261"/>
  <nd ref="10919851263"/>
  <nd ref="6089694626"/>
  <nd ref="6089694622"/>
  <nd ref="6089694625"/>
  <nd ref="6089694624"/>
  <nd ref="6275508155"/>
  <nd ref="6275508154"/>
  <nd ref="6275508153"/>
  <nd ref="6275508152"/>
  <nd ref="6275508151"/>
  <nd ref="6275508149"/>
  <nd ref="6275508148"/>
  <nd ref="6275508147"/>
  <nd ref="6275508146"/>
  <nd ref="6275508145"/>
  <nd ref="6275508144"/>
  <nd ref="6275508143"/>
  <nd ref="6275508142"/>
  <nd ref="6275508140"/>
  <tag k="highway" v="trunk"/>
  <tag k="lanes" v="2"/>
  <tag k="name" v="Kathmandu Ringroad"/>
  <tag k="name:ne" v="काठमाडाैँ चक्रपथ"/>
  <tag k="oneway" v="yes"/>
  <tag k="ref" v="NH39"/>
  <tag k="width" v="7"/>
 </way>
 <way id="653848630" visible="true" version="12" changeset="139660196" timestamp="2023-08-09T13:24:04Z" user="amritkarma" uid="680067">
  <nd ref="2342349324"/>
  <nd ref="7257108627"/>
  <nd ref="1241659780"/>
  <nd ref="10926734321"/>
  <nd ref="10926734323"/>
  <nd ref="1241659776"/>
  <tag k="bicycle" v="yes"/>
  <tag k="cycleway" v="no"/>
  <tag k="foot" v="designated"/>
  <tag k="highway" v="trunk"/>
  <tag k="int_name" v="Ring Road"/>
  <tag k="int_ref" v="AH42"/>
  <tag k="lanes" v="2"/>
  <tag k="name" v="Kathmandu Ringroad"/>
  <tag k="name:ne" v="काठमाडाैँ चक्रपथ"/>
  <tag k="oneway" v="yes"/>
  <tag k="ref" v="NH39"/>
  <tag k="route" v="Kalanki-Lagankhel"/>
  <tag k="source" v="Bing"/>
  <tag k="surface" v="paved"/>
  <tag k="watch:80n" v="Katmandu"/>
  <tag k="width" v="7"/>
 </way>
 <way id="653848641" visible="true" version="10" changeset="166231013" timestamp="2025-05-14T02:01:53Z" user="BaboucheVerte" uid="6296343">
  <nd ref="6127458887"/>
  <nd ref="5312284381"/>
  <tag k="bicycle" v="yes"/>
  <tag k="cycleway" v="no"/>
  <tag k="highway" v="trunk"/>
  <tag k="int_name" v="Ring Road"/>
  <tag k="lanes" v="2"/>
  <tag k="layer" v="-1"/>
  <tag k="maxheight" v="5"/>
  <tag k="name" v="Kathmandu Ringroad"/>
  <tag k="name:ne" v="काठमाडाैँ चक्रपथ"/>
  <tag k="oneway" v="yes"/>
  <tag k="ref" v="NH39"/>
  <tag k="source" v="Bing"/>
  <tag k="surface" v="paved"/>
  <tag k="tunnel" v="yes"/>
  <tag k="watch:80n" v="Katmandu"/>
  <tag k="width" v="7"/>
 </way>
 <way id="670112945" visible="true" version="7" changeset="139661433" timestamp="2023-08-09T13:49:44Z" user="amritkarma" uid="680067">
  <nd ref="6275508157"/>
  <nd ref="6275508156"/>
  <tag k="bridge" v="yes"/>
  <tag k="highway" v="trunk"/>
  <tag k="lanes" v="2"/>
  <tag k="layer" v="1"/>
  <tag k="name" v="Kathmandu Ringroad"/>
  <tag k="name:ne" v="काठमाडाैँ चक्रपथ"/>
  <tag k="oneway" v="yes"/>
  <tag k="ref" v="NH39"/>
  <tag k="surface" v="asphalt"/>
  <tag k="width" v="7"/>
 </way>
 <way id="670112946" visible="true" version="6" changeset="139661433" timestamp="2023-08-09T13:49:44Z" user="amritkarma" uid="680067">
  <nd ref="6275508156"/>
  <nd ref="6089694628"/>
  <tag k="highway" v="trunk"/>
  <tag k="lanes" v="2"/>
  <tag k="name" v="Kathmandu Ringroad"/>
  <tag k="name:ne" v="काठमाडाैँ चक्रपथ"/>
  <tag k="oneway" v="yes"/>
  <tag k="ref" v="NH39"/>
  <tag k="width" v="7"/>
 </way>
 <way id="670112952" visible="true" version="7" changeset="139660973" timestamp="2023-08-09T13:39:32Z" user="amritkarma" uid="680067">
  <nd ref="6275508309"/>
  <nd ref="9999912956"/>
  <tag k="bridge" v="yes"/>
  <tag k="highway" v="trunk"/>
  <tag k="lanes" v="2"/>
  <tag k="layer" v="1"/>
  <tag k="name" v="Kathmandu Ringroad"/>
  <tag k="name:ne" v="काठमाडाैँ चक्रपथ"/>
  <tag k="oneway" v="yes"/>
  <tag k="ref" v="NH39"/>
  <tag k="width" v="7"/>
 </way>
 <way id="670112953" visible="true" version="10" changeset="139660973" timestamp="2023-08-09T13:39:32Z" user="amritkarma" uid="680067">
  <nd ref="7257108654"/>
  <nd ref="10944006990"/>
  <nd ref="7257108655"/>
  <nd ref="10944006996"/>
  <nd ref="6275508309"/>
  <tag k="highway" v="trunk"/>
  <tag k="lanes" v="2"/>
  <tag k="name" v="Kathmandu Ringroad"/>
  <tag k="name:ne" v="काठमाडाैँ चक्रपथ"/>
  <tag k="oneway" v="yes"/>
  <tag k="ref" v="NH39"/>
  <tag k="width" v="7"/>
 </way>
 <way id="670315380" visible="true" version="9" changeset="139668204" timestamp="2023-08-09T16:13:55Z" user="amritkarma" uid="680067">
  <nd ref="2038006738"/>
  <nd ref="9998042571"/>
  <nd ref="1273515693"/>
  <nd ref="3045212619"/>
  <tag k="alt_name" v="Araniko Highway"/>
  <tag k="highway" v="trunk"/>
  <tag k="int_name" v="Ring Road"/>
  <tag k="lanes" v="2"/>
  <tag k="lit" v="yes"/>
  <tag k="maxspeed" v="40"/>
  <tag k="name" v="Kathmandu Ringroad"/>
  <tag k="name:ne" v="काठमाडाैँ चक्रपथ"/>
  <tag k="oneway" v="yes"/>
  <tag k="ref" v="NH39"/>
  <tag k="source" v="Bing"/>
  <tag k="surface" v="paved"/>
  <tag k="watch:80n" v="Katmandu"/>
  <tag k="width" v="4"/>
 </way>
 <way id="751465426" visible="true" version="9" changeset="188794700" timestamp="2026-09-09T21:49:19Z" user="SpaceTracer" uid="9368502">
  <nd ref="31147572"/>
  <nd ref="10945732658"/>
  <nd ref="10945732665"/>
  <nd ref="1835392258"/>
  <tag k="bicycle" v="yes"/>
  <tag k="cycleway" v="no"/>
  <tag k="highway" v="trunk"/>
  <tag k="int_name" v="Ring Road"/>
  <tag k="lanes" v="4"/>
  <tag k="name" v="Kathmandu Ringroad"/>
  <tag k="name:ne" v="काठमाडाैँ चक्रपथ"/>
  <tag k="oneway" v="no"/>
  <tag k="ref" v="NH39"/>
  <tag k="route" v="Kalanki-Lagankhel"/>
  <tag k="source" v="Bing"/>
  <tag k="surface" v="paved"/>
  <tag k="time" v="4 am to 8 pm"/>
  <tag k="watch:80n" v="Katmandu"/>
  <tag k="width" v="14"/>
 </way>
 <way id="752113741" visible="true" version="10" changeset="139621264" timestamp="2023-08-08T16:13:29Z" user="amritkarma" uid="680067">
  <nd ref="31303847"/>
  <nd ref="3069881507"/>
  <nd ref="7772996835"/>
  <nd ref="5784633464"/>
  <tag k="bicycle" v="yes"/>
  <tag k="cycleway" v="no"/>
  <tag k="highway" v="trunk"/>
  <tag k="int_name" v="Ring Road"/>
  <tag k="lanes" v="4"/>
  <tag k="name" v="Kathmandu Ringroad"/>
  <tag k="name:ne" v="काठमाडाैँ चक्रपथ"/>
  <tag k="oneway" v="no"/>
  <tag k="ref" v="NH39"/>
  <tag k="source" v="Bing"/>
  <tag k="surface" v="paved"/>
  <tag k="watch:80n" v="Katmandu"/>
  <tag k="width" v="14"/>
 </way>
 <way id="756183449" visible="true" version="9" changeset="167809003" timestamp="2025-06-19T06:02:17Z" user="marek kleciak" uid="338611">
  <nd ref="1952189457"/>
  <nd ref="12906024979"/>
  <nd ref="1659430258"/>
  <tag k="bicycle" v="yes"/>
  <tag k="cycleway" v="no"/>
  <tag k="highway" v="trunk"/>
  <tag k="int_name" v="Ring Road"/>
  <tag k="lanes" v="4"/>
  <tag k="name" v="Kathmandu Ringroad"/>
  <tag k="name:ne" v="काठमाडाैँ चक्रपथ"/>
  <tag k="oneway" v="no"/>
  <tag k="ref" v="NH39"/>
  <tag k="source" v="Bing"/>
  <tag k="surface" v="paved"/>
  <tag k="watch:80n" v="Katmandu"/>
  <tag k="width" v="14"/>
 </way>
 <way id="756183494" visible="true" version="7" changeset="139621264" timestamp="2023-08-08T16:13:29Z" user="amritkarma" uid="680067">
  <nd ref="1659430258"/>
  <nd ref="7062750345"/>
  <tag k="bicycle" v="yes"/>
  <tag k="cycleway" v="no"/>
  <tag k="highway" v="trunk"/>
  <tag k="int_name" v="Ring Road"/>
  <tag k="lanes" v="4"/>
  <tag k="name" v="Kathmandu Ringroad"/>
  <tag k="name:ne" v="काठमाडाैँ चक्रपथ"/>
  <tag k="oneway" v="no"/>
  <tag k="ref" v="NH39"/>
  <tag k="source" v="Bing"/>
  <tag k="surface" v="paved"/>
  <tag k="watch:80n" v="Katmandu"/>
  <tag k="width" v="14"/>
 </way>
 <way id="756860373" visible="true" version="10" changeset="167809003" timestamp="2025-06-19T06:02:17Z" user="marek kleciak" uid="338611">
  <nd ref="1497194463"/>
  <nd ref="1498888720"/>
  <nd ref="7150389093"/>
  <nd ref="5312304035"/>
  <nd ref="12925208760"/>
  <nd ref="2218658284"/>
  <tag k="bicycle" v="yes"/>
  <tag k="cycleway" v="no"/>
  <tag k="highway" v="trunk"/>
  <tag k="int_name" v="Ring Road"/>
  <tag k="lanes" v="4"/>
  <tag k="name" v="काठमाडाैँ चक्रपथ"/>
  <tag k="name:en" v="Kathmandu Ringroad"/>
  <tag k="name:ne" v="काठमाडाैँ चक्रपथ"/>
  <tag k="oneway" v="no"/>
  <tag k="ref" v="NH39"/>
  <tag k="source" v="Bing"/>
  <tag k="surface" v="paved"/>
  <tag k="watch:80n" v="Katmandu"/>
  <tag k="width" v="14"/>
 </way>
 <way id="777629766" visible="true" version="6" changeset="139660973" timestamp="2023-08-09T13:39:32Z" user="amritkarma" uid="680067">
  <nd ref="7257108653"/>
  <nd ref="7257108654"/>
  <tag k="bridge" v="yes"/>
  <tag k="highway" v="trunk"/>
  <tag k="lanes" v="2"/>
  <tag k="layer" v="1"/>
  <tag k="name" v="Kathmandu Ringroad"/>
  <tag k="name:ne" v="काठमाडाैँ चक्रपथ"/>
  <tag k="oneway" v="yes"/>
  <tag k="ref" v="NH39"/>
  <tag k="width" v="7"/>
 </way>
 <way id="777629770" visible="true" version="15" changeset="172291495" timestamp="2025-09-22T12:10:21Z" user="IliamnaLake" uid="22220289">
  <nd ref="9999912987"/>
  <nd ref="10944006973"/>
  <nd ref="9999912999"/>
  <nd ref="9999912998"/>
  <nd ref="9999912997"/>
  <nd ref="9999912996"/>
  <nd ref="9999912995"/>
  <nd ref="9999912994"/>
  <nd ref="9999912993"/>
  <nd ref="7257108635"/>
  <nd ref="7257108636"/>
  <nd ref="8435889425"/>
  <nd ref="7257108638"/>
  <nd ref="13162029611"/>
  <nd ref="13144481013"/>
  <nd ref="7257108639"/>
  <nd ref="3485144358"/>
  <nd ref="7257108640"/>
  <nd ref="8435889429"/>
  <nd ref="7257108641"/>
  <nd ref="9577476439"/>
  <nd ref="9577476438"/>
  <nd ref="9577476437"/>
  <nd ref="7257108642"/>
  <nd ref="9577476436"/>
  <nd ref="9577476435"/>
  <nd ref="7257108643"/>
  <nd ref="4977163734"/>
  <nd ref="1960744506"/>
  <nd ref="7257108645"/>
  <nd ref="10944006982"/>
  <nd ref="10923440785"/>
  <nd ref="9577476434"/>
  <nd ref="9577476432"/>
  <nd ref="9999913024"/>
  <nd ref="10923440788"/>
  <nd ref="10926040523"/>
  <nd ref="10765833208"/>
  <nd ref="10944007002"/>
  <nd ref="7257108653"/>
  <tag k="highway" v="trunk"/>
  <tag k="lanes" v="2"/>
  <tag k="name" v="Kathmandu Ringroad"/>
  <tag k="name:ne" v="काठमाडाैँ चक्रपथ"/>
  <tag k="oneway" v="yes"/>
  <tag k="ref" v="NH39"/>
  <tag k="width" v="7"/>
 </way>
 <way id="1071901893" visible="true" version="10" changeset="139668760" timestamp="2023-08-09T16:27:59Z" user="amritkarma" uid="680067">
  <nd ref="31151483"/>
  <nd ref="9838246498"/>
  <nd ref="31151514"/>
  <tag k="highway" v="trunk"/>
  <tag k="lanes" v="2"/>
  <tag k="name" v="Kathmandu Ringroad"/>
  <tag k="name:ne" v="काठमाडाैँ चक्रपथ"/>
  <tag k="oneway" v="yes"/>
  <tag k="ref" v="NH39"/>
  <tag k="width" v="12"/>
 </way>
 <way id="1071901895" visible="true" version="8" changeset="141376915" timestamp="2023-09-17T11:16:27Z" user="osmuser63783" uid="14047157">
  <nd ref="3084565718"/>
  <nd ref="9835712865"/>
  <nd ref="9835712864"/>
  <nd ref="31151653"/>
  <tag k="highway" v="trunk"/>
  <tag k="lanes" v="2"/>
  <tag k="name" v="Kathmandu Ringroad"/>
  <tag k="name:ne" v="काठमाडाैँ चक्रपथ"/>
  <tag k="oneway" v="yes"/>
  <tag k="ref" v="NH39"/>
  <tag k="surface" v="asphalt"/>
  <tag k="width" v="14"/>
 </way>
 <way id="1071913167" visible="true" version="5" changeset="139668760" timestamp="2023-08-09T16:27:59Z" user="amritkarma" uid="680067">
  <nd ref="9835712867"/>
  <nd ref="10945732617"/>
  <nd ref="9835741401"/>
  <tag k="highway" v="trunk"/>
  <tag k="name" v="Ring Road"/>
  <tag k="oneway" v="yes"/>
  <tag k="ref" v="H16"/>
  <tag k="width" v="14"/>
 </way>
 <way id="1071913168" visible="true" version="5" changeset="139668760" timestamp="2023-08-09T16:27:59Z" user="amritkarma" uid="680067">
  <nd ref="9835741401"/>
  <nd ref="31151559"/>
  <nd ref="3084565718"/>
  <tag k="highway" v="trunk"/>
  <tag k="lanes" v="2"/>
  <tag k="name" v="Kathmandu Ringroad"/>
  <tag k="name:ne" v="काठमाडाैँ चक्रपथ"/>
  <tag k="oneway" v="yes"/>
  <tag k="ref" v="NH39"/>
  <tag k="width" v="14"/>
 </way>
 <way id="1071913169" visible="true" version="6" changeset="139668760" timestamp="2023-08-09T16:27:59Z" user="amritkarma" uid="680067">
  <nd ref="31151653"/>
  <nd ref="31151654"/>
  <nd ref="5094260315"/>
  <nd ref="31151483"/>
  <tag k="highway" v="trunk"/>
  <tag k="lanes" v="2"/>
  <tag k="name" v="Kathmandu Ringroad"/>
  <tag k="name:ne" v="काठमाडाैँ चक्रपथ"/>
  <tag k="oneway" v="yes"/>
  <tag k="ref" v="NH39"/>
  <tag k="width" v="12"/>
 </way>
 <way id="1071913171" visible="true" version="8" changeset="167732928" timestamp="2025-06-17T11:03:46Z" user="marek kleciak" uid="338611">
  <nd ref="9835564716"/>
  <nd ref="10945732616"/>
  <nd ref="10945732613"/>
  <nd ref="10945732612"/>
  <nd ref="9835741403"/>
  <nd ref="9835741404"/>
  <nd ref="3084565679"/>
  <nd ref="2010535721"/>
  <tag k="highway" v="trunk"/>
  <tag k="lanes" v="2"/>
  <tag k="name" v="Kathmandu Ringroad"/>
  <tag k="name:ne" v="काठमाडाैँ चक्रपथ"/>
  <tag k="oneway" v="yes"/>
  <tag k="ref" v="NH39"/>
  <tag k="width" v="14"/>
 </way>
 <way id="1080178803" visible="true" version="9" changeset="168909739" timestamp="2025-07-14T10:38:00Z" user="marek kleciak" uid="338611">
  <nd ref="1275597025"/>
  <nd ref="10945732622"/>
  <nd ref="1275597057"/>
  <nd ref="6081908325"/>
  <nd ref="849950758"/>
  <nd ref="1920098168"/>
  <nd ref="2204099326"/>
  <nd ref="2216306017"/>
  <nd ref="31151494"/>
  <nd ref="12921055910"/>
  <nd ref="10945732625"/>
  <nd ref="3074601513"/>
  <nd ref="2620559495"/>
  <nd ref="6286854858"/>
  <nd ref="3084565706"/>
  <nd ref="1395061503"/>
  <tag k="bicycle" v="yes"/>
  <tag k="cycleway" v="no"/>
  <tag k="highway" v="trunk"/>
  <tag k="int_name" v="Ring Road"/>
  <tag k="lanes" v="4"/>
  <tag k="name" v="Kathmandu Ringroad"/>
  <tag k="name:ne" v="काठमाडाैँ चक्रपथ"/>
  <tag k="oneway" v="no"/>
  <tag k="ref" v="NH39"/>
  <tag k="source" v="Bing"/>
  <tag k="surface" v="paved"/>
  <tag k="watch:80n" v="Katmandu"/>
  <tag k="width" v="14"/>
 </way>
 <way id="1080550749" visible="true" version="8" changeset="139668760" timestamp="2023-08-09T16:27:59Z" user="amritkarma" uid="680067">
  <nd ref="2010535721"/>
  <nd ref="10945732607"/>
  <nd ref="6988783799"/>
  <nd ref="1920130571"/>
  <nd ref="10945732605"/>
  <nd ref="2048110167"/>
  <nd ref="2010535723"/>
  <tag k="bicycle" v="yes"/>
  <tag k="cycleway" v="no"/>
  <tag k="highway" v="trunk"/>
  <tag k="int_name" v="Ring Road"/>
  <tag k="lanes" v="4"/>
  <tag k="name" v="Kathmandu Ringroad"/>
  <tag k="name:ne" v="काठमाडाैँ चक्रपथ"/>
  <tag k="oneway" v="no"/>
  <tag k="ref" v="NH39"/>
  <tag k="surface" v="paved"/>
  <tag k="watch:80n" v="Katmandu"/>
  <tag k="width" v="14"/>
 </way>
 <way id="1090820447" visible="true" version="9" changeset="166231013" timestamp="2025-05-14T02:01:54Z" user="BaboucheVerte" uid="6296343">
  <nd ref="1960744391"/>
  <nd ref="9991255779"/>
  <nd ref="10921097929"/>
  <nd ref="6127458887"/>
  <tag k="bicycle" v="yes"/>
  <tag k="cycleway" v="no"/>
  <tag k="highway" v="trunk"/>
  <tag k="int_name" v="Ring Road"/>
  <tag k="int_ref" v="AH42"/>
  <tag k="lanes" v="2"/>
  <tag k="layer" v="-1"/>
  <tag k="maxheight" v="5"/>
  <tag k="name" v="Kathmandu Ringroad"/>
  <tag k="name:ne" v="काठमाडाैँ चक्रपथ"/>
  <tag k="oneway" v="yes"/>
  <tag k="ref" v="NH39"/>
  <tag k="route" v="Kalanki-Lagankhel"/>
  <tag k="source" v="Bing"/>
  <tag k="surface" v="paved"/>
  <tag k="tunnel" v="yes"/>
  <tag k="watch:80n" v="Katmandu"/>
  <tag k="width" v="7"/>
 </way>
 <way id="1090820449" visible="true" version="8" changeset="139660196" timestamp="2023-08-09T13:24:04Z" user="amritkarma" uid="680067">
  <nd ref="9991255784"/>
  <nd ref="10926734322"/>
  <nd ref="10926734319"/>
  <nd ref="10926734320"/>
  <nd ref="9991255783"/>
  <nd ref="10921100868"/>
  <nd ref="9991255782"/>
  <nd ref="9991255781"/>
  <tag k="bicycle" v="yes"/>
  <tag k="cycleway" v="no"/>
  <tag k="foot" v="designated"/>
  <tag k="highway" v="trunk"/>
  <tag k="int_name" v="Ring Road"/>
  <tag k="int_ref" v="AH42"/>
  <tag k="lanes" v="4"/>
  <tag k="name" v="Kathmandu Ringroad"/>
  <tag k="name:ne" v="काठमाडाैँ चक्रपथ"/>
  <tag k="oneway" v="yes"/>
  <tag k="ref" v="NH39"/>
  <tag k="route" v="Kalanki-Lagankhel"/>
  <tag k="source" v="Bing"/>
  <tag k="surface" v="paved"/>
  <tag k="watch:80n" v="Katmandu"/>
  <tag k="width" v="7"/>
 </way>
 <way id="1090820450" visible="true" version="9" changeset="139659624" timestamp="2023-08-09T13:11:06Z" user="amritkarma" uid="680067">
  <nd ref="9991255792"/>
  <nd ref="9991255791"/>
  <nd ref="9991255793"/>
  <nd ref="10926734332"/>
  <nd ref="9991255790"/>
  <nd ref="10926734325"/>
  <nd ref="9991255789"/>
  <tag k="bicycle" v="yes"/>
  <tag k="cycleway" v="no"/>
  <tag k="highway" v="trunk"/>
  <tag k="int_name" v="Ring Road"/>
  <tag k="lanes" v="2"/>
  <tag k="name" v="Kathmandu Ringroad"/>
  <tag k="name:ne" v="काठमाडाैँ चक्रपथ"/>
  <tag k="oneway" v="yes"/>
  <tag k="ref" v="NH39"/>
  <tag k="source" v="Bing"/>
  <tag k="surface" v="paved"/>
  <tag k="watch:80n" v="Katmandu"/>
  <tag k="width" v="12"/>
 </way>
 <way id="1090820451" visible="true" version="10" changeset="166231013" timestamp="2025-05-14T02:01:56Z" user="BaboucheVerte" uid="6296343">
  <nd ref="9991255789"/>
  <nd ref="9991255788"/>
  <nd ref="9991255794"/>
  <nd ref="9991255787"/>
  <nd ref="10921097928"/>
  <nd ref="10921097927"/>
  <nd ref="9991255786"/>
  <nd ref="9991255784"/>
  <tag k="bicycle" v="yes"/>
  <tag k="cycleway" v="no"/>
  <tag k="highway" v="trunk"/>
  <tag k="int_name" v="Ring Road"/>
  <tag k="int_ref" v="AH42"/>
  <tag k="lanes" v="2"/>
  <tag k="layer" v="-1"/>
  <tag k="maxheight" v="5"/>
  <tag k="name" v="Kathmandu Ringroad"/>
  <tag k="name:ne" v="काठमाडाैँ चक्रपथ"/>
  <tag k="oneway" v="yes"/>
  <tag k="ref" v="NH39"/>
  <tag k="route" v="Kalanki-Lagankhel"/>
  <tag k="source" v="Bing"/>
  <tag k="surface" v="paved"/>
  <tag k="tunnel" v="yes"/>
  <tag k="watch:80n" v="Katmandu"/>
  <tag k="width" v="7"/>
 </way>
 <way id="1090820453" visible="true" version="7" changeset="139659624" timestamp="2023-08-09T13:11:06Z" user="amritkarma" uid="680067">
  <nd ref="5312284381"/>
  <nd ref="2396108580"/>
  <nd ref="5312284382"/>
  <nd ref="3316385576"/>
  <nd ref="10926734333"/>
  <nd ref="1960744487"/>
  <tag k="bicycle" v="yes"/>
  <tag k="cycleway" v="no"/>
  <tag k="highway" v="trunk"/>
  <tag k="int_name" v="Ring Road"/>
  <tag k="lanes" v="4"/>
  <tag k="name" v="Kathmandu Ringroad"/>
  <tag k="name:ne" v="काठमाडाैँ चक्रपथ"/>
  <tag k="oneway" v="yes"/>
  <tag k="ref" v="NH39"/>
  <tag k="source" v="Bing"/>
  <tag k="surface" v="paved"/>
  <tag k="watch:80n" v="Katmandu"/>
  <tag k="width" v="6"/>
 </way>
 <way id="1090820454" visible="true" version="8" changeset="139660196" timestamp="2023-08-09T13:24:04Z" user="amritkarma" uid="680067">
  <nd ref="9991255795"/>
  <nd ref="9991255796"/>
  <tag k="bicycle" v="yes"/>
  <tag k="bridge" v="yes"/>
  <tag k="cycleway" v="no"/>
  <tag k="highway" v="trunk"/>
  <tag k="int_name" v="Ring Road"/>
  <tag k="int_ref" v="AH42"/>
  <tag k="lanes" v="2"/>
  <tag k="layer" v="1"/>
  <tag k="name" v="Kathmandu Ringroad"/>
  <tag k="name:ne" v="काठमाडाैँ चक्रपथ"/>
  <tag k="oneway" v="yes"/>
  <tag k="ref" v="NH39"/>
  <tag k="route" v="Kalanki-Lagankhel"/>
  <tag k="source" v="Bing"/>
  <tag k="surface" v="paved"/>
  <tag k="watch:80n" v="Katmandu"/>
  <tag k="width" v="7"/>
 </way>
 <way id="1090820456" visible="true" version="5" changeset="139660511" timestamp="2023-08-09T13:30:21Z" user="amritkarma" uid="680067">
  <nd ref="9991255781"/>
  <nd ref="9991255795"/>
  <tag k="bicycle" v="yes"/>
  <tag k="cycleway" v="no"/>
  <tag k="foot" v="designated"/>
  <tag k="highway" v="trunk"/>
  <tag k="int_name" v="Ring Road"/>
  <tag k="int_ref" v="AH42"/>
  <tag k="lanes" v="2"/>
  <tag k="name" v="Kathmandu Ringroad"/>
  <tag k="name:ne" v="काठमाडाैँ चक्रपथ"/>
  <tag k="oneway" v="yes"/>
  <tag k="ref" v="NH39"/>
  <tag k="route" v="Kalanki-Lagankhel"/>
  <tag k="source" v="Bing"/>
  <tag k="surface" v="paved"/>
  <tag k="watch:80n" v="Katmandu"/>
  <tag k="width" v="7"/>
 </way>
 <way id="1090820457" visible="true" version="7" changeset="139660353" timestamp="2023-08-09T13:27:10Z" user="amritkarma" uid="680067">
  <nd ref="9991255796"/>
  <nd ref="9999912987"/>
  <tag k="bicycle" v="yes"/>
  <tag k="cycleway" v="no"/>
  <tag k="foot" v="designated"/>
  <tag k="highway" v="trunk"/>
  <tag k="int_name" v="Ring Road"/>
  <tag k="int_ref" v="AH42"/>
  <tag k="lanes" v="4"/>
  <tag k="name" v="Kathmandu Ringroad"/>
  <tag k="name:ne" v="काठमाडाैँ चक्रपथ"/>
  <tag k="oneway" v="yes"/>
  <tag k="ref" v="NH39"/>
  <tag k="route" v="Kalanki-Lagankhel"/>
  <tag k="source" v="Bing"/>
  <tag k="surface" v="paved"/>
  <tag k="watch:80n" v="Katmandu"/>
  <tag k="width" v="7"/>
 </way>
 <way id="1091658648" visible="true" version="10" changeset="139774546" timestamp="2023-08-12T06:08:50Z" user="Punita Yadav" uid="20055085">
  <nd ref="9662901138"/>
  <nd ref="10922738949"/>
  <nd ref="9662909526"/>
  <tag k="alt_name" v="Bagdole (Pattipa) Ring Road"/>
  <tag k="bicycle" v="yes"/>
  <tag k="cycleway" v="no"/>
  <tag k="highway" v="trunk"/>
  <tag k="int_name" v="Ring Road"/>
  <tag k="int_ref" v="AH42"/>
  <tag k="lanes" v="2"/>
  <tag k="name" v="Kathmandu Ringroad"/>
  <tag k="name:ne" v="काठमाडाैँ चक्रपथ"/>
  <tag k="oneway" v="yes"/>
  <tag k="ref" v="NH39"/>
  <tag k="route" v="Kalanki-Lagankhel"/>
  <tag k="source" v="Bing"/>
  <tag k="surface" v="paved"/>
  <tag k="time" v="4 am to 8 pm"/>
  <tag k="watch:80n" v="Katmandu"/>
  <tag k="width" v="6"/>
 </way>
 <way id="1091658655" visible="true" version="7" changeset="139796399" timestamp="2023-08-12T17:22:40Z" user="Punita Yadav" uid="20055085">
  <nd ref="1496573296"/>
  <nd ref="9662901202"/>
  <nd ref="9662901201"/>
  <nd ref="9662901200"/>
  <nd ref="9662901199"/>
  <nd ref="9662901198"/>
  <nd ref="9662901197"/>
  <nd ref="9662901194"/>
  <nd ref="9662901191"/>
  <nd ref="6275508293"/>
  <nd ref="1497531299"/>
  <tag k="alt_name" v="Bagdole (Pattipa) Ring Road"/>
  <tag k="bicycle" v="yes"/>
  <tag k="cycleway" v="no"/>
  <tag k="highway" v="trunk"/>
  <tag k="int_name" v="Ring Road"/>
  <tag k="int_ref" v="AH42"/>
  <tag k="lanes" v="2"/>
  <tag k="name" v="Kathmandu Ringroad"/>
  <tag k="name:ne" v="काठमाडाैँ चक्रपथ"/>
  <tag k="oneway" v="yes"/>
  <tag k="ref" v="NH39"/>
  <tag k="route" v="Kalanki-Lagankhel"/>
  <tag k="source" v="Bing"/>
  <tag k="surface" v="paved"/>
  <tag k="time" v="4 am to 8 pm"/>
  <tag k="watch:80n" v="Katmandu"/>
  <tag k="width" v="6"/>
 </way>
 <way id="1091877743" visible="true" version="7" changeset="139661187" timestamp="2023-08-09T13:44:41Z" user="amritkarma" uid="680067">
  <nd ref="9999912956"/>
  <nd ref="9999912963"/>
  <nd ref="9999912962"/>
  <nd ref="10926041154"/>
  <nd ref="9999912961"/>
  <nd ref="10926041155"/>
  <nd ref="9999912960"/>
  <nd ref="10945732803"/>
  <nd ref="9999912959"/>
  <nd ref="10926041156"/>
  <nd ref="9999912958"/>
  <nd ref="10926041152"/>
  <nd ref="9999912957"/>
  <nd ref="9999912955"/>
  <nd ref="9999912954"/>
  <nd ref="9999912953"/>
  <nd ref="9999912952"/>
  <nd ref="10926041150"/>
  <nd ref="9999912951"/>
  <nd ref="10945732797"/>
  <nd ref="9999912978"/>
  <nd ref="9999912950"/>
  <nd ref="9999912919"/>
  <nd ref="9999912918"/>
  <nd ref="10926041148"/>
  <nd ref="9999898016"/>
  <nd ref="9999898015"/>
  <nd ref="9999898014"/>
  <nd ref="1751049605"/>
  <tag k="highway" v="trunk"/>
  <tag k="lanes" v="2"/>
  <tag k="name" v="Kathmandu Ringroad"/>
  <tag k="name:ne" v="काठमाडाैँ चक्रपथ"/>
  <tag k="oneway" v="yes"/>
  <tag k="ref" v="NH39"/>
  <tag k="width" v="7"/>
 </way>
 <way id="1091877770" visible="true" version="8" changeset="139659624" timestamp="2023-08-09T13:11:06Z" user="amritkarma" uid="680067">
  <nd ref="360826383"/>
  <nd ref="10116117088"/>
  <nd ref="1954472559"/>
  <tag k="bicycle" v="yes"/>
  <tag k="cycleway" v="no"/>
  <tag k="highway" v="trunk"/>
  <tag k="int_name" v="Ring Road"/>
  <tag k="lanes" v="4"/>
  <tag k="name" v="Kathmandu Ringroad"/>
  <tag k="name:ne" v="काठमाडाैँ चक्रपथ"/>
  <tag k="ref" v="NH39"/>
  <tag k="source" v="Bing"/>
  <tag k="surface" v="paved"/>
  <tag k="watch:80n" v="Katmandu"/>
  <tag k="width" v="16"/>
 </way>
 <way id="1118295691" visible="true" version="9" changeset="188720265" timestamp="2026-09-08T12:35:15Z" user="LakeNakuru" uid="22951835">
  <nd ref="31151514"/>
  <nd ref="9904122890"/>
  <nd ref="14162432456"/>
  <nd ref="9835564716"/>
  <tag k="highway" v="trunk"/>
  <tag k="lanes" v="2"/>
  <tag k="name" v="Kathmandu Ringroad"/>
  <tag k="name:ne" v="काठमाडाैँ चक्रपथ"/>
  <tag k="oneway" v="yes"/>
  <tag k="ref" v="NH39"/>
  <tag k="surface" v="asphalt"/>
  <tag k="width" v="14"/>
 </way>
 <way id="1132401297" visible="true" version="5" changeset="188393951" timestamp="2026-09-01T23:53:40Z" user="SpaceTracer" uid="9368502">
  <nd ref="6275508140"/>
  <nd ref="14141067298"/>
  <nd ref="6275508139"/>
  <nd ref="6275508138"/>
  <nd ref="6275508137"/>
  <tag k="highway" v="trunk"/>
  <tag k="name" v="Kathmandu Ringroad"/>
  <tag k="name:ne" v="काठमाडाैँ चक्रपथ"/>
  <tag k="oneway" v="yes"/>
  <tag k="ref" v="NH39"/>
  <tag k="width" v="3.5"/>
 </way>
 <way id="1132401300" visible="true" version="8" changeset="188393951" timestamp="2026-09-01T23:53:40Z" user="SpaceTracer" uid="9368502">
  <nd ref="6275508137"/>
  <nd ref="11949936381"/>
  <nd ref="14141137406"/>
  <tag k="alt_name" v="Araniko Highway"/>
  <tag k="foot" v="designated"/>
  <tag k="highway" v="trunk"/>
  <tag k="int_name" v="Ring Road"/>
  <tag k="maxspeed" v="40"/>
  <tag k="name" v="Kathmandu Ringroad"/>
  <tag k="name:ne" v="काठमाडौं चक्रपथ"/>
  <tag k="oneway" v="yes"/>
  <tag k="ref" v="NH39"/>
  <tag k="source" v="Bing"/>
  <tag k="surface" v="paved"/>
  <tag k="watch:80n" v="Katmandu"/>
 </way>
 <way id="1178260839" visible="true" version="2" changeset="139669674" timestamp="2023-08-09T16:53:22Z" user="amritkarma" uid="680067">
  <nd ref="9964770276"/>
  <nd ref="4277570613"/>
  <nd ref="9964770275"/>
  <nd ref="9964770289"/>
  <nd ref="9964770288"/>
  <nd ref="9964770287"/>
  <nd ref="9964770286"/>
  <nd ref="3485010375"/>
  <nd ref="9964770285"/>
  <nd ref="9964770284"/>
  <nd ref="10945722438"/>
  <nd ref="9964770282"/>
  <nd ref="9964770281"/>
  <nd ref="5312309762"/>
  <nd ref="9964770278"/>
  <nd ref="9964770279"/>
  <nd ref="31303549"/>
  <tag k="bicycle" v="yes"/>
  <tag k="cycleway" v="no"/>
  <tag k="highway" v="trunk"/>
  <tag k="int_name" v="Ring Road"/>
  <tag k="lanes" v="4"/>
  <tag k="name" v="Kathmandu Ringroad"/>
  <tag k="name:ne" v="काठमाडाैँ चक्रपथ"/>
  <tag k="oneway" v="no"/>
  <tag k="ref" v="NH39"/>
  <tag k="route" v="Micro"/>
  <tag k="source" v="Bing"/>
  <tag k="surface" v="paved"/>
  <tag k="type" v="route"/>
  <tag k="watch:80n" v="Katmandu"/>
  <tag k="width" v="16"/>
 </way>
 <way id="1178281084" visible="true" version="2" changeset="139668204" timestamp="2023-08-09T16:13:55Z" user="amritkarma" uid="680067">
  <nd ref="2038006737"/>
  <nd ref="5645760469"/>
  <tag k="bicycle" v="yes"/>
  <tag k="cycleway" v="no"/>
  <tag k="highway" v="trunk"/>
  <tag k="int_name" v="Ring Road"/>
  <tag k="lanes" v="4"/>
  <tag k="name" v="Kathmandu Ringroad"/>
  <tag k="name:ne" v="काठमाडाैँ चक्रपथ"/>
  <tag k="ref" v="NH39"/>
  <tag k="route" v="Kalanki-Lagankhel"/>
  <tag k="source" v="Bing"/>
  <tag k="surface" v="paved"/>
  <tag k="watch:80n" v="Katmandu"/>
  <tag k="width" v="9"/>
 </way>
 <way id="1196456661" visible="true" version="4" changeset="167730410" timestamp="2025-06-17T09:56:47Z" user="marek kleciak" uid="338611">
  <nd ref="5312333277"/>
  <nd ref="1895843411"/>
  <nd ref="2021254014"/>
  <nd ref="1905155846"/>
  <nd ref="10945722468"/>
  <nd ref="4945407342"/>
  <nd ref="1945933074"/>
  <tag k="bicycle" v="yes"/>
  <tag k="cycleway" v="no"/>
  <tag k="highway" v="trunk"/>
  <tag k="int_name" v="Ring Road"/>
  <tag k="lanes" v="4"/>
  <tag k="lit" v="yes"/>
  <tag k="maxspeed" v="40"/>
  <tag k="name" v="Kathmandu Ringroad"/>
  <tag k="name:ne" v="काठमाडाैँ चक्रपथ"/>
  <tag k="oneway" v="no"/>
  <tag k="ref" v="NH39"/>
  <tag k="source" v="Bing"/>
  <tag k="surface" v="asphalt"/>
  <tag k="watch:80n" v="Katmandu"/>
  <tag k="width" v="22"/>
 </way>
 <way id="1196456662" visible="true" version="5" changeset="171170996" timestamp="2025-08-29T08:30:51Z" user="Mand1p" uid="18238274">
  <nd ref="1835463224"/>
  <nd ref="13105353552"/>
  <nd ref="1945933074"/>
  <tag k="bicycle" v="yes"/>
  <tag k="cycleway" v="no"/>
  <tag k="highway" v="trunk"/>
  <tag k="int_name" v="Ring Road"/>
  <tag k="lanes" v="4"/>
  <tag k="maxspeed" v="40"/>
  <tag k="name" v="Kathmandu Ringroad"/>
  <tag k="name:ne" v="काठमाडाैँ चक्रपथ"/>
  <tag k="ref" v="NH39"/>
  <tag k="source" v="Bing"/>
  <tag k="surface" v="asphalt"/>
  <tag k="watch:80n" v="Katmandu"/>
  <tag k="width" v="16"/>
 </way>
 <way id="1426160993" visible="true" version="2" changeset="173116504" timestamp="2025-10-10T23:42:15Z" user="Spaghetti Monster🍝" uid="8758904">
  <nd ref="13109947334"/>
  <nd ref="10922217163"/>
  <nd ref="10922217162"/>
  <nd ref="10922217161"/>
  <nd ref="10921122127"/>
  <nd ref="10921122122"/>
  <nd ref="10922217160"/>
  <nd ref="10922217159"/>
  <nd ref="10922217158"/>
  <nd ref="10922217157"/>
  <nd ref="10922217156"/>
  <nd ref="10922217155"/>
  <nd ref="10922217154"/>
  <nd ref="10922217153"/>
  <nd ref="10922217152"/>
  <nd ref="10922217151"/>
  <nd ref="10922217150"/>
  <nd ref="10922217149"/>
  <nd ref="10922217148"/>
  <nd ref="10922217147"/>
  <nd ref="13109947337"/>
  <tag k="bridge" v="yes"/>
  <tag k="foot" v="no"/>
  <tag k="highway" v="trunk"/>
  <tag k="lanes" v="2"/>
  <tag k="layer" v="1"/>
  <tag k="maxspeed" v="50"/>
  <tag k="name" v="Kathmandu Ringroad"/>
  <tag k="name:ne" v="काठमाडाैँ चक्रपथ"/>
  <tag k="oneway" v="yes"/>
  <tag k="ref" v="NH39"/>
  <tag k="surface" v="asphalt"/>
  <tag k="width" v="6"/>
 </way>
 <way id="1426160994" visible="true" version="2" changeset="171254417" timestamp="2025-08-31T06:46:22Z" user="srj_panthee" uid="10018162">
  <nd ref="10922227633"/>
  <nd ref="13109947335"/>
  <tag k="bicycle" v="yes"/>
  <tag k="bridge" v="yes"/>
  <tag k="cycleway" v="no"/>
  <tag k="highway" v="trunk"/>
  <tag k="int_name" v="Ring Road"/>
  <tag k="int_ref" v="AH42"/>
  <tag k="lanes" v="2"/>
  <tag k="layer" v="1"/>
  <tag k="name" v="Kathmandu Ringroad"/>
  <tag k="name:ne" v="काठमाडाैँ चक्रपथ"/>
  <tag k="oneway" v="yes"/>
  <tag k="ref" v="NH39"/>
  <tag k="source" v="Bing"/>
  <tag k="surface" v="paved"/>
  <tag k="time" v="4 am to 8 pm"/>
  <tag k="watch:80n" v="Katmandu"/>
  <tag k="width" v="6"/>
 </way>
 <way id="1426160995" visible="true" version="1" changeset="171254388" timestamp="2025-08-31T06:45:22Z" user="srj_panthee" uid="10018162">
  <nd ref="1489297683"/>
  <nd ref="1963141992"/>
  <nd ref="1489297676"/>
  <nd ref="1489297677"/>
  <nd ref="1498830741"/>
  <nd ref="10920763670"/>
  <nd ref="3514803771"/>
  <nd ref="1960753159"/>
  <nd ref="3514803757"/>
  <nd ref="3514803775"/>
  <nd ref="13109947336"/>
  <tag k="bicycle" v="yes"/>
  <tag k="cycleway" v="no"/>
  <tag k="highway" v="trunk"/>
  <tag k="int_name" v="Ring Road"/>
  <tag k="int_ref" v="AH42"/>
  <tag k="lanes" v="2"/>
  <tag k="name" v="Kathmandu Ringroad"/>
  <tag k="name:ne" v="काठमाडाैँ चक्रपथ"/>
  <tag k="oneway" v="yes"/>
  <tag k="ref" v="NH39"/>
  <tag k="route" v="Kalanki-Lagankhel"/>
  <tag k="source" v="Bing"/>
  <tag k="surface" v="paved"/>
  <tag k="time" v="4 am to 8 pm"/>
  <tag k="watch:80n" v="Katmandu"/>
  <tag k="width" v="7"/>
 </way>
 <way id="1426160996" visible="true" version="1" changeset="171254388" timestamp="2025-08-31T06:45:22Z" user="srj_panthee" uid="10018162">
  <nd ref="13109947337"/>
  <nd ref="10922217146"/>
  <nd ref="10922217145"/>
  <nd ref="10922217144"/>
  <nd ref="10922217143"/>
  <nd ref="10922217142"/>
  <nd ref="10922217141"/>
  <nd ref="10922217140"/>
  <nd ref="10922217139"/>
  <nd ref="10922217138"/>
  <nd ref="10922217137"/>
  <nd ref="6275508157"/>
  <tag k="highway" v="trunk"/>
  <tag k="lanes" v="2"/>
  <tag k="maxspeed" v="50"/>
  <tag k="name" v="Kathmandu Ringroad"/>
  <tag k="name:ne" v="काठमाडाैँ चक्रपथ"/>
  <tag k="oneway" v="yes"/>
  <tag k="ref" v="NH39"/>
  <tag k="surface" v="asphalt"/>
  <tag k="width" v="6"/>
 </way>
 <way id="1444441468" visible="true" version="1" changeset="173702902" timestamp="2025-10-24T07:02:03Z" user="Metauro" uid="20432920">
  <nd ref="5784632349"/>
  <nd ref="13253615197"/>
  <tag k="highway" v="trunk"/>
  <tag k="junction" v="roundabout"/>
  <tag k="name" v="Kathmandu Ringroad"/>
  <tag k="name:ne" v="काठमाडाैँ चक्रपथ"/>
  <tag k="oneway" v="yes"/>
  <tag k="ref" v="NH39"/>
  <tag k="surface" v="paved"/>
  <tag k="width" v="9"/>
 </way>
 <way id="1528723556" visible="true" version="1" changeset="184006685" timestamp="2026-06-12T09:07:00Z" user="yup_here" uid="23073042">
  <nd ref="3485029240"/>
  <nd ref="13930703426"/>
  <tag k="bicycle" v="yes"/>
  <tag k="bridge" v="yes"/>
  <tag k="cycleway" v="no"/>
  <tag k="highway" v="trunk"/>
  <tag k="int_name" v="Ring Road"/>
  <tag k="lanes" v="4"/>
  <tag k="layer" v="1"/>
  <tag k="name" v="Kathmandu Ringroad"/>
  <tag k="name:ne" v="काठमाडाैँ चक्रपथ"/>
  <tag k="oneway" v="no"/>
  <tag k="ref" v="NH39"/>
  <tag k="source" v="Bing"/>
  <tag k="surface" v="paved"/>
  <tag k="watch:80n" v="Katmandu"/>
  <tag k="width" v="16"/>
 </way>
 <way id="1547181667" visible="true" version="1" changeset="186915800" timestamp="2026-08-04T10:22:46Z" user="MAP EDITORS NEPAL" uid="24382602">
  <nd ref="3141826385"/>
  <nd ref="6658375854"/>
  <nd ref="1278006056"/>
  <nd ref="10945722441"/>
  <nd ref="1278006365"/>
  <tag k="bicycle" v="yes"/>
  <tag k="cycleway" v="no"/>
  <tag k="highway" v="trunk"/>
  <tag k="int_name" v="Ring Road"/>
  <tag k="lanes" v="4"/>
  <tag k="maxspeed" v="40"/>
  <tag k="name" v="Kathmandu Ringroad"/>
  <tag k="name:ne" v="काठमाडाैँ चक्रपथ"/>
  <tag k="oneway" v="no"/>
  <tag k="ref" v="NH39"/>
  <tag k="source" v="Bing"/>
  <tag k="surface" v="paved"/>
  <tag k="watch:80n" v="Katmandu"/>
  <tag k="width" v="16"/>
 </way>
 <relation id="15099646" visible="true" version="22" changeset="188393951" timestamp="2026-09-01T23:53:40Z" user="SpaceTracer" uid="9368502">
  <member type="way" ref="1090820456" role=""/>
  <member type="way" ref="1071913169" role=""/>
  <member type="way" ref="1071901895" role=""/>
  <member type="way" ref="1071913168" role=""/>
  <member type="way" ref="1071913167" role=""/>
  <member type="way" ref="1071913171" role=""/>
  <member type="way" ref="1091877743" role=""/>
  <member type="way" ref="670112952" role=""/>
  <member type="way" ref="670112953" role=""/>
  <member type="way" ref="777629766" role=""/>
  <member type="way" ref="1090820457" role=""/>
  <member type="way" ref="777629770" role=""/>
  <member type="way" ref="1090820454" role=""/>
  <member type="way" ref="1090820449" role=""/>
  <member type="way" ref="1090820447" role=""/>
  <member type="way" ref="1090820451" role=""/>
  <member type="way" ref="1090820450" role=""/>
  <member type="way" ref="172485293" role=""/>
  <member type="way" ref="1091877770" role=""/>
  <member type="way" ref="184872593" role=""/>
  <member type="way" ref="184872594" role=""/>
  <member type="way" ref="1132401300" role=""/>
  <member type="way" ref="215507255" role=""/>
  <member type="way" ref="416294069" role=""/>
  <member type="way" ref="196277319" role=""/>
  <member type="way" ref="231786210" role=""/>
  <member type="way" ref="183827054" role=""/>
  <member type="way" ref="345052247" role=""/>
  <member type="way" ref="1426160995" role=""/>
  <member type="way" ref="183827055" role=""/>
  <member type="way" ref="406752033" role=""/>
  <member type="way" ref="1426160994" role=""/>
  <member type="way" ref="231786206" role=""/>
  <member type="way" ref="591355896" role=""/>
  <member type="way" ref="193289327" role=""/>
  <member type="way" ref="670315380" role=""/>
  <member type="way" ref="193289325" role=""/>
  <member type="way" ref="1178281084" role=""/>
  <member type="way" ref="591357319" role=""/>
  <member type="way" ref="193289326" role=""/>
  <member type="way" ref="1132401297" role=""/>
  <member type="way" ref="648697035" role=""/>
  <member type="way" ref="670112946" role=""/>
  <member type="way" ref="670112945" role=""/>
  <member type="way" ref="1426160996" role=""/>
  <member type="way" ref="1426160993" role=""/>
  <member type="way" ref="193085043" role=""/>
  <member type="way" ref="224131948" role=""/>
  <member type="way" ref="257756417" role=""/>
  <member type="way" ref="257752685" role=""/>
  <member type="way" ref="257752686" role=""/>
  <member type="way" ref="257752687" role=""/>
  <member type="way" ref="215507254" role=""/>
  <member type="way" ref="585763545" role=""/>
  <member type="way" ref="215507256" role=""/>
  <member type="way" ref="585763546" role=""/>
  <member type="way" ref="585763544" role=""/>
  <member type="way" ref="231103975" role=""/>
  <member type="way" ref="751465426" role=""/>
  <member type="way" ref="190532598" role=""/>
  <member type="way" ref="190532597" role=""/>
  <member type="way" ref="231786214" role=""/>
  <member type="way" ref="170533892" role=""/>
  <member type="way" ref="231414550" role=""/>
  <member type="way" ref="231414552" role=""/>
  <member type="way" ref="1080178803" role=""/>
  <member type="way" ref="171603747" role=""/>
  <member type="way" ref="1071901893" role=""/>
  <member type="way" ref="1118295691" role=""/>
  <member type="way" ref="180216483" role=""/>
  <member type="way" ref="1080550749" role=""/>
  <member type="way" ref="231414551" role=""/>
  <member type="way" ref="229195913" role=""/>
  <member type="way" ref="180373624" role=""/>
  <member type="way" ref="190889376" role=""/>
  <member type="way" ref="180373622" role=""/>
  <member type="way" ref="232095618" role=""/>
  <member type="way" ref="231194711" role=""/>
  <member type="way" ref="231194710" role=""/>
  <member type="way" ref="1196456662" role=""/>
  <member type="way" ref="1196456661" role=""/>
  <member type="way" ref="231786209" role=""/>
  <member type="way" ref="229077494" role=""/>
  <member type="way" ref="231786215" role=""/>
  <member type="way" ref="1547181667" role=""/>
  <member type="way" ref="4840304" role=""/>
  <member type="way" ref="1528723556" role=""/>
  <member type="way" ref="176147961" role=""/>
  <member type="way" ref="1178260839" role=""/>
  <member type="way" ref="176147962" role=""/>
  <member type="way" ref="610849879" role=""/>
  <member type="way" ref="1444441468" role=""/>
  <member type="way" ref="610849877" role=""/>
  <member type="way" ref="610849882" role=""/>
  <member type="way" ref="610849881" role=""/>
  <member type="way" ref="610849878" role=""/>
  <member type="way" ref="752113741" role=""/>
  <member type="way" ref="232096439" role=""/>
  <member type="way" ref="231786213" role=""/>
  <member type="way" ref="756183494" role=""/>
  <member type="way" ref="756183449" role=""/>
  <member type="way" ref="231786211" role=""/>
  <member type="way" ref="231202417" role=""/>
  <member type="way" ref="231202418" role=""/>
  <member type="way" ref="756860373" role=""/>
  <member type="way" ref="1090820453" role=""/>
  <member type="way" ref="653848641" role=""/>
  <member type="way" ref="225457469" role=""/>
  <member type="way" ref="653848630" role=""/>
  <member type="way" ref="225457470" role=""/>
  <member type="way" ref="175587327" role=""/>
  <member type="way" ref="171599261" role=""/>
  <member type="way" ref="195858821" role=""/>
  <member type="way" ref="195858822" role=""/>
  <member type="way" ref="180152353" role=""/>
  <member type="way" ref="185470054" role=""/>
  <member type="way" ref="231786208" role=""/>
  <member type="way" ref="175587305" role=""/>
  <member type="way" ref="1091658655" role=""/>
  <member type="way" ref="225456437" role=""/>
  <member type="way" ref="1091658648" role=""/>
  <member type="way" ref="225456436" role=""/>
  <member type="way" ref="216297386" role=""/>
  <member type="way" ref="216297391" role=""/>
  <tag k="name" v="Kathmandu Ring Road"/>
  <tag k="network" v="NP:national"/>
  <tag k="note" v="new numbered NH"/>
  <tag k="ref" v="NH39"/>
  <tag k="route" v="road"/>
  <tag k="type" v="route"/>
  <tag k="wikidata" v="Q7334739"/>
  <tag k="wikipedia" v="en:Ring Road (Kathmandu)"/>
 </relation>
</osm>
